Workbook

Sheet Sheet1
A1: 顺序 | B1: 工号 | C1: 应发工资 | D1: 医疗保险 报销 | E1: 其他补发 (非课税) | F1: 其他代扣 (非课税) | G1: 个人所得税 | H1: 年终奖金 个人所得税 | I1: 工会费 | J1: 存款制 度代扣 | K1: 养老保险 | L1: 医疗保险 | M1: 失业保险 | N1: 大病基金 | O1: 养老保险 补缴 | P1: 医疗保险 补缴 | Q1: 失业保险 补缴 | R1: 大病基金 补缴 | S1: 住房公积金 | T1: 实发工资
A2: 1 | B2: A1107001 | C2: =IFERROR(VLOOKUP(B2,工资明细202401_Sheet1!$B:$BC,37,FALSE),0) -> 16397.08 | D2: =IFERROR(VLOOKUP(B2,工资明细202401_Sheet1!$B:$BC,38,FALSE),0) -> 0 | E2: =IFERROR(VLOOKUP(B2,工资明细202401_Sheet1!$B:$BC,39,FALSE),0) -> 0 | F2: =IFERROR(VLOOKUP(B2,工资明细202401_Sheet1!$B:$BC,40,FALSE),0) -> 0 | G2: =IFERROR(VLOOKUP(B2,工资明细202401_Sheet1!$B:$BC,41,FALSE),0) -> -174.11 | H2: =IFERROR(VLOOKUP(B2,工资明细202401_Sheet1!$B:$BC,42,FALSE),0) -> 0 | I2: =IFERROR(VLOOKUP(B2,工资明细202401_Sheet1!$B:$BC,43,FALSE),0) -> -30 | J2: =IFERROR(VLOOKUP(B2,工资明细202401_Sheet1!$B:$BC,44,FALSE),0) -> 0 | K2: =IFERROR(VLOOKUP(B2,工资明细202401_Sheet1!$B:$BC,45,FALSE),0) -> -1211.92 | L2: =IFERROR(VLOOKUP(B2,工资明细202401_Sheet1!$B:$BC,46,FALSE),0) -> -302.98 | M2: =IFERROR(VLOOKUP(B2,工资明细202401_Sheet1!$B:$BC,47,FALSE),0) -> -75.75 | N2: =IFERROR(VLOOKUP(B2,工资明细202401_Sheet1!$B:$BC,48,FALSE),0) -> -5 | O2: =IFERROR(VLOOKUP(B2,工资明细202401_Sheet1!$B:$BC,49,FALSE),0) -> -94.8 | P2: =IFERROR(VLOOKUP(B2,工资明细202401_Sheet1!$B:$BC,50,FALSE),0) -> 0 | Q2: =IFERROR(VLOOKUP(B2,工资明细202401_Sheet1!$B:$BC,51,FALSE),0) -> -5.93 | R2: =IFERROR(VLOOKUP(B2,工资明细202401_Sheet1!$B:$BC,52,FALSE),0) -> 0 | S2: =IFERROR(VLOOKUP(B2,工资明细202401_Sheet1!$B:$BC,53,FALSE),0) -> -1397 | T2: =IFERROR(VLOOKUP(B2,工资明细202401_Sheet1!$B:$BC,54,FALSE),0) -> 13099.59
A3: 2 | B3: A1107022 | C3: =IFERROR(VLOOKUP(B3,工资明细202401_Sheet1!$B:$BC,37,FALSE),0) -> 13856.36 | D3: =IFERROR(VLOOKUP(B3,工资明细202401_Sheet1!$B:$BC,38,FALSE),0) -> 0 | E3: =IFERROR(VLOOKUP(B3,工资明细202401_Sheet1!$B:$BC,39,FALSE),0) -> 0 | F3: =IFERROR(VLOOKUP(B3,工资明细202401_Sheet1!$B:$BC,40,FALSE),0) -> 0 | G3: =IFERROR(VLOOKUP(B3,工资明细202401_Sheet1!$B:$BC,41,FALSE),0) -> -81.21 | H3: =IFERROR(VLOOKUP(B3,工资明细202401_Sheet1!$B:$BC,42,FALSE),0) -> 0 | I3: =IFERROR(VLOOKUP(B3,工资明细202401_Sheet1!$B:$BC,43,FALSE),0) -> -30 | J3: =IFERROR(VLOOKUP(B3,工资明细202401_Sheet1!$B:$BC,44,FALSE),0) -> 0 | K3: =IFERROR(VLOOKUP(B3,工资明细202401_Sheet1!$B:$BC,45,FALSE),0) -> -1248.72 | L3: =IFERROR(VLOOKUP(B3,工资明细202401_Sheet1!$B:$BC,46,FALSE),0) -> -312.18 | M3: =IFERROR(VLOOKUP(B3,工资明细202401_Sheet1!$B:$BC,47,FALSE),0) -> -78.05 | N3: =IFERROR(VLOOKUP(B3,工资明细202401_Sheet1!$B:$BC,48,FALSE),0) -> -5 | O3: =IFERROR(VLOOKUP(B3,工资明细202401_Sheet1!$B:$BC,49,FALSE),0) -> -299.68 | P3: =IFERROR(VLOOKUP(B3,工资明细202401_Sheet1!$B:$BC,50,FALSE),0) -> 0 | Q3: =IFERROR(VLOOKUP(B3,工资明细202401_Sheet1!$B:$BC,51,FALSE),0) -> -18.73 | R3: =IFERROR(VLOOKUP(B3,工资明细202401_Sheet1!$B:$BC,52,FALSE),0) -> 0 | S3: =IFERROR(VLOOKUP(B3,工资明细202401_Sheet1!$B:$BC,53,FALSE),0) -> -1187 | T3: =IFERROR(VLOOKUP(B3,工资明细202401_Sheet1!$B:$BC,54,FALSE),0) -> 10595.79
A4: 3 | B4: A1110002 | C4: =IFERROR(VLOOKUP(B4,工资明细202401_Sheet1!$B:$BC,37,FALSE),0) -> 10307.83 | D4: =IFERROR(VLOOKUP(B4,工资明细202401_Sheet1!$B:$BC,38,FALSE),0) -> 0 | E4: =IFERROR(VLOOKUP(B4,工资明细202401_Sheet1!$B:$BC,39,FALSE),0) -> 0 | F4: =IFERROR(VLOOKUP(B4,工资明细202401_Sheet1!$B:$BC,40,FALSE),0) -> 0 | G4: =IFERROR(VLOOKUP(B4,工资明细202401_Sheet1!$B:$BC,41,FALSE),0) -> -9.91 | H4: =IFERROR(VLOOKUP(B4,工资明细202401_Sheet1!$B:$BC,42,FALSE),0) -> 0 | I4: =IFERROR(VLOOKUP(B4,工资明细202401_Sheet1!$B:$BC,43,FALSE),0) -> -30 | J4: =IFERROR(VLOOKUP(B4,工资明细202401_Sheet1!$B:$BC,44,FALSE),0) -> 0 | K4: =IFERROR(VLOOKUP(B4,工资明细202401_Sheet1!$B:$BC,45,FALSE),0) -> -971.92 | L4: =IFERROR(VLOOKUP(B4,工资明细202401_Sheet1!$B:$BC,46,FALSE),0) -> -242.98 | M4: =IFERROR(VLOOKUP(B4,工资明细202401_Sheet1!$B:$BC,47,FALSE),0) -> -60.75 | N4: =IFERROR(VLOOKUP(B4,工资明细202401_Sheet1!$B:$BC,48,FALSE),0) -> -5 | O4: =IFERROR(VLOOKUP(B4,工资明细202401_Sheet1!$B:$BC,49,FALSE),0) -> -99.84 | P4: =IFERROR(VLOOKUP(B4,工资明细202401_Sheet1!$B:$BC,50,FALSE),0) -> 0 | Q4: =IFERROR(VLOOKUP(B4,工资明细202401_Sheet1!$B:$BC,51,FALSE),0) -> -6.24 | R4: =IFERROR(VLOOKUP(B4,工资明细202401_Sheet1!$B:$BC,52,FALSE),0) -> 0 | S4: =IFERROR(VLOOKUP(B4,工资明细202401_Sheet1!$B:$BC,53,FALSE),0) -> -1091 | T4: =IFERROR(VLOOKUP(B4,工资明细202401_Sheet1!$B:$BC,54,FALSE),0) -> 7790.19
A5: 4 | B5: A1207016 | C5: =IFERROR(VLOOKUP(B5,工资明细202401_Sheet1!$B:$BC,37,FALSE),0) -> 13519.48 | D5: =IFERROR(VLOOKUP(B5,工资明细202401_Sheet1!$B:$BC,38,FALSE),0) -> 0 | E5: =IFERROR(VLOOKUP(B5,工资明细202401_Sheet1!$B:$BC,39,FALSE),0) -> 0 | F5: =IFERROR(VLOOKUP(B5,工资明细202401_Sheet1!$B:$BC,40,FALSE),0) -> 0 | G5: =IFERROR(VLOOKUP(B5,工资明细202401_Sheet1!$B:$BC,41,FALSE),0) -> -169.88 | H5: =IFERROR(VLOOKUP(B5,工资明细202401_Sheet1!$B:$BC,42,FALSE),0) -> 0 | I5: =IFERROR(VLOOKUP(B5,工资明细202401_Sheet1!$B:$BC,43,FALSE),0) -> -30 | J5: =IFERROR(VLOOKUP(B5,工资明细202401_Sheet1!$B:$BC,44,FALSE),0) -> 0 | K5: =IFERROR(VLOOKUP(B5,工资明细202401_Sheet1!$B:$BC,45,FALSE),0) -> -1119.36 | L5: =IFERROR(VLOOKUP(B5,工资明细202401_Sheet1!$B:$BC,46,FALSE),0) -> -279.84 | M5: =IFERROR(VLOOKUP(B5,工资明细202401_Sheet1!$B:$BC,47,FALSE),0) -> -69.96 | N5: =IFERROR(VLOOKUP(B5,工资明细202401_Sheet1!$B:$BC,48,FALSE),0) -> -5 | O5: =IFERROR(VLOOKUP(B5,工资明细202401_Sheet1!$B:$BC,49,FALSE),0) -> -93.6 | P5: =IFERROR(VLOOKUP(B5,工资明细202401_Sheet1!$B:$BC,50,FALSE),0) -> 0 | Q5: =IFERROR(VLOOKUP(B5,工资明细202401_Sheet1!$B:$BC,51,FALSE),0) -> -5.85 | R5: =IFERROR(VLOOKUP(B5,工资明细202401_Sheet1!$B:$BC,52,FALSE),0) -> 0 | S5: =IFERROR(VLOOKUP(B5,工资明细202401_Sheet1!$B:$BC,53,FALSE),0) -> -1283 | T5: =IFERROR(VLOOKUP(B5,工资明细202401_Sheet1!$B:$BC,54,FALSE),0) -> 10462.99
A6: 5 | B6: A1207024 | C6: =IFERROR(VLOOKUP(B6,工资明细202401_Sheet1!$B:$BC,37,FALSE),0) -> 18456.89 | D6: =IFERROR(VLOOKUP(B6,工资明细202401_Sheet1!$B:$BC,38,FALSE),0) -> 0 | E6: =IFERROR(VLOOKUP(B6,工资明细202401_Sheet1!$B:$BC,39,FALSE),0) -> 0 | F6: =IFERROR(VLOOKUP(B6,工资明细202401_Sheet1!$B:$BC,40,FALSE),0) -> 0 | G6: =IFERROR(VLOOKUP(B6,工资明细202401_Sheet1!$B:$BC,41,FALSE),0) -> -216.88 | H6: =IFERROR(VLOOKUP(B6,工资明细202401_Sheet1!$B:$BC,42,FALSE),0) -> 0 | I6: =IFERROR(VLOOKUP(B6,工资明细202401_Sheet1!$B:$BC,43,FALSE),0) -> -30 | J6: =IFERROR(VLOOKUP(B6,工资明细202401_Sheet1!$B:$BC,44,FALSE),0) -> -1000 | K6: =IFERROR(VLOOKUP(B6,工资明细202401_Sheet1!$B:$BC,45,FALSE),0) -> -1461.68 | L6: =IFERROR(VLOOKUP(B6,工资明细202401_Sheet1!$B:$BC,46,FALSE),0) -> -365.42 | M6: =IFERROR(VLOOKUP(B6,工资明细202401_Sheet1!$B:$BC,47,FALSE),0) -> -91.36 | N6: =IFERROR(VLOOKUP(B6,工资明细202401_Sheet1!$B:$BC,48,FALSE),0) -> -5 | O6: =IFERROR(VLOOKUP(B6,工资明细202401_Sheet1!$B:$BC,49,FALSE),0) -> -127.2 | P6: =IFERROR(VLOOKUP(B6,工资明细202401_Sheet1!$B:$BC,50,FALSE),0) -> 0 | Q6: =IFERROR(VLOOKUP(B6,工资明细202401_Sheet1!$B:$BC,51,FALSE),0) -> -7.95 | R6: =IFERROR(VLOOKUP(B6,工资明细202401_Sheet1!$B:$BC,52,FALSE),0) -> 0 | S6: =IFERROR(VLOOKUP(B6,工资明细202401_Sheet1!$B:$BC,53,FALSE),0) -> -1669 | T6: =IFERROR(VLOOKUP(B6,工资明细202401_Sheet1!$B:$BC,54,FALSE),0) -> 13482.4
A7: 6 | B7: A1211001 | C7: =IFERROR(VLOOKUP(B7,工资明细202401_Sheet1!$B:$BC,37,FALSE),0) -> 16250.68 | D7: =IFERROR(VLOOKUP(B7,工资明细202401_Sheet1!$B:$BC,38,FALSE),0) -> 0 | E7: =IFERROR(VLOOKUP(B7,工资明细202401_Sheet1!$B:$BC,39,FALSE),0) -> 0 | F7: =IFERROR(VLOOKUP(B7,工资明细202401_Sheet1!$B:$BC,40,FALSE),0) -> 0 | G7: =IFERROR(VLOOKUP(B7,工资明细202401_Sheet1!$B:$BC,41,FALSE),0) -> -87.9 | H7: =IFERROR(VLOOKUP(B7,工资明细202401_Sheet1!$B:$BC,42,FALSE),0) -> 0 | I7: =IFERROR(VLOOKUP(B7,工资明细202401_Sheet1!$B:$BC,43,FALSE),0) -> -30 | J7: =IFERROR(VLOOKUP(B7,工资明细202401_Sheet1!$B:$BC,44,FALSE),0) -> 0 | K7: =IFERROR(VLOOKUP(B7,工资明细202401_Sheet1!$B:$BC,45,FALSE),0) -> -1505.52 | L7: =IFERROR(VLOOKUP(B7,工资明细202401_Sheet1!$B:$BC,46,FALSE),0) -> -376.38 | M7: =IFERROR(VLOOKUP(B7,工资明细202401_Sheet1!$B:$BC,47,FALSE),0) -> -94.1 | N7: =IFERROR(VLOOKUP(B7,工资明细202401_Sheet1!$B:$BC,48,FALSE),0) -> -5 | O7: =IFERROR(VLOOKUP(B7,工资明细202401_Sheet1!$B:$BC,49,FALSE),0) -> -229.12 | P7: =IFERROR(VLOOKUP(B7,工资明细202401_Sheet1!$B:$BC,50,FALSE),0) -> 0 | Q7: =IFERROR(VLOOKUP(B7,工资明细202401_Sheet1!$B:$BC,51,FALSE),0) -> -14.32 | R7: =IFERROR(VLOOKUP(B7,工资明细202401_Sheet1!$B:$BC,52,FALSE),0) -> 0 | S7: =IFERROR(VLOOKUP(B7,工资明细202401_Sheet1!$B:$BC,53,FALSE),0) -> -1596 | T7: =IFERROR(VLOOKUP(B7,工资明细202401_Sheet1!$B:$BC,54,FALSE),0) -> 12312.34
A8: 7 | B8: A1304009 | C8: =IFERROR(VLOOKUP(B8,工资明细202401_Sheet1!$B:$BC,37,FALSE),0) -> 13109.31 | D8: =IFERROR(VLOOKUP(B8,工资明细202401_Sheet1!$B:$BC,38,FALSE),0) -> 0 | E8: =IFERROR(VLOOKUP(B8,工资明细202401_Sheet1!$B:$BC,39,FALSE),0) -> 0 | F8: =IFERROR(VLOOKUP(B8,工资明细202401_Sheet1!$B:$BC,40,FALSE),0) -> 0 | G8: =IFERROR(VLOOKUP(B8,工资明细202401_Sheet1!$B:$BC,41,FALSE),0) -> -81.82 | H8: =IFERROR(VLOOKUP(B8,工资明细202401_Sheet1!$B:$BC,42,FALSE),0) -> 0 | I8: =IFERROR(VLOOKUP(B8,工资明细202401_Sheet1!$B:$BC,43,FALSE),0) -> -30 | J8: =IFERROR(VLOOKUP(B8,工资明细202401_Sheet1!$B:$BC,44,FALSE),0) -> -1000 | K8: =IFERROR(VLOOKUP(B8,工资明细202401_Sheet1!$B:$BC,45,FALSE),0) -> -1172.56 | L8: =IFERROR(VLOOKUP(B8,工资明细202401_Sheet1!$B:$BC,46,FALSE),0) -> -293.14 | M8: =IFERROR(VLOOKUP(B8,工资明细202401_Sheet1!$B:$BC,47,FALSE),0) -> -73.29 | N8: =IFERROR(VLOOKUP(B8,工资明细202401_Sheet1!$B:$BC,48,FALSE),0) -> -5 | O8: =IFERROR(VLOOKUP(B8,工资明细202401_Sheet1!$B:$BC,49,FALSE),0) -> -151.36 | P8: =IFERROR(VLOOKUP(B8,工资明细202401_Sheet1!$B:$BC,50,FALSE),0) -> 0 | Q8: =IFERROR(VLOOKUP(B8,工资明细202401_Sheet1!$B:$BC,51,FALSE),0) -> -9.46 | R8: =IFERROR(VLOOKUP(B8,工资明细202401_Sheet1!$B:$BC,52,FALSE),0) -> 0 | S8: =IFERROR(VLOOKUP(B8,工资明细202401_Sheet1!$B:$BC,53,FALSE),0) -> -1277 | T8: =IFERROR(VLOOKUP(B8,工资明细202401_Sheet1!$B:$BC,54,FALSE),0) -> 9015.68
A9: 8 | B9: A1306003 | C9: =IFERROR(VLOOKUP(B9,工资明细202401_Sheet1!$B:$BC,37,FALSE),0) -> 15598.04 | D9: =IFERROR(VLOOKUP(B9,工资明细202401_Sheet1!$B:$BC,38,FALSE),0) -> 0 | E9: =IFERROR(VLOOKUP(B9,工资明细202401_Sheet1!$B:$BC,39,FALSE),0) -> 0 | F9: =IFERROR(VLOOKUP(B9,工资明细202401_Sheet1!$B:$BC,40,FALSE),0) -> 0 | G9: =IFERROR(VLOOKUP(B9,工资明细202401_Sheet1!$B:$BC,41,FALSE),0) -> -58.44 | H9: =IFERROR(VLOOKUP(B9,工资明细202401_Sheet1!$B:$BC,42,FALSE),0) -> 0 | I9: =IFERROR(VLOOKUP(B9,工资明细202401_Sheet1!$B:$BC,43,FALSE),0) -> -30 | J9: =IFERROR(VLOOKUP(B9,工资明细202401_Sheet1!$B:$BC,44,FALSE),0) -> 0 | K9: =IFERROR(VLOOKUP(B9,工资明细202401_Sheet1!$B:$BC,45,FALSE),0) -> -1439.04 | L9: =IFERROR(VLOOKUP(B9,工资明细202401_Sheet1!$B:$BC,46,FALSE),0) -> -359.76 | M9: =IFERROR(VLOOKUP(B9,工资明细202401_Sheet1!$B:$BC,47,FALSE),0) -> -89.94 | N9: =IFERROR(VLOOKUP(B9,工资明细202401_Sheet1!$B:$BC,48,FALSE),0) -> -5 | O9: =IFERROR(VLOOKUP(B9,工资明细202401_Sheet1!$B:$BC,49,FALSE),0) -> -228 | P9: =IFERROR(VLOOKUP(B9,工资明细202401_Sheet1!$B:$BC,50,FALSE),0) -> 0 | Q9: =IFERROR(VLOOKUP(B9,工资明细202401_Sheet1!$B:$BC,51,FALSE),0) -> -14.25 | R9: =IFERROR(VLOOKUP(B9,工资明细202401_Sheet1!$B:$BC,52,FALSE),0) -> 0 | S9: =IFERROR(VLOOKUP(B9,工资明细202401_Sheet1!$B:$BC,53,FALSE),0) -> -1514 | T9: =IFERROR(VLOOKUP(B9,工资明细202401_Sheet1!$B:$BC,54,FALSE),0) -> 11859.61
A10: 9 | B10: A1307001 | C10: =IFERROR(VLOOKUP(B10,工资明细202401_Sheet1!$B:$BC,37,FALSE),0) -> 15097.96 | D10: =IFERROR(VLOOKUP(B10,工资明细202401_Sheet1!$B:$BC,38,FALSE),0) -> 0 | E10: =IFERROR(VLOOKUP(B10,工资明细202401_Sheet1!$B:$BC,39,FALSE),0) -> 0 | F10: =IFERROR(VLOOKUP(B10,工资明细202401_Sheet1!$B:$BC,40,FALSE),0) -> 0 | G10: =IFERROR(VLOOKUP(B10,工资明细202401_Sheet1!$B:$BC,41,FALSE),0) -> -181 | H10: =IFERROR(VLOOKUP(B10,工资明细202401_Sheet1!$B:$BC,42,FALSE),0) -> 0 | I10: =IFERROR(VLOOKUP(B10,工资明细202401_Sheet1!$B:$BC,43,FALSE),0) -> -30 | J10: =IFERROR(VLOOKUP(B10,工资明细202401_Sheet1!$B:$BC,44,FALSE),0) -> 0 | K10: =IFERROR(VLOOKUP(B10,工资明细202401_Sheet1!$B:$BC,45,FALSE),0) -> -1208.24 | L10: =IFERROR(VLOOKUP(B10,工资明细202401_Sheet1!$B:$BC,46,FALSE),0) -> -302.06 | M10: =IFERROR(VLOOKUP(B10,工资明细202401_Sheet1!$B:$BC,47,FALSE),0) -> -75.52 | N10: =IFERROR(VLOOKUP(B10,工资明细202401_Sheet1!$B:$BC,48,FALSE),0) -> -5 | O10: =IFERROR(VLOOKUP(B10,工资明细202401_Sheet1!$B:$BC,49,FALSE),0) -> -198.24 | P10: =IFERROR(VLOOKUP(B10,工资明细202401_Sheet1!$B:$BC,50,FALSE),0) -> 0 | Q10: =IFERROR(VLOOKUP(B10,工资明细202401_Sheet1!$B:$BC,51,FALSE),0) -> -12.39 | R10: =IFERROR(VLOOKUP(B10,工资明细202401_Sheet1!$B:$BC,52,FALSE),0) -> 0 | S10: =IFERROR(VLOOKUP(B10,工资明细202401_Sheet1!$B:$BC,53,FALSE),0) -> -1263 | T10: =IFERROR(VLOOKUP(B10,工资明细202401_Sheet1!$B:$BC,54,FALSE),0) -> 11822.51
A11: 10 | B11: A1307003 | C11: =IFERROR(VLOOKUP(B11,工资明细202401_Sheet1!$B:$BC,37,FALSE),0) -> 12636.14 | D11: =IFERROR(VLOOKUP(B11,工资明细202401_Sheet1!$B:$BC,38,FALSE),0) -> 0 | E11: =IFERROR(VLOOKUP(B11,工资明细202401_Sheet1!$B:$BC,39,FALSE),0) -> 0 | F11: =IFERROR(VLOOKUP(B11,工资明细202401_Sheet1!$B:$BC,40,FALSE),0) -> 0 | G11: =IFERROR(VLOOKUP(B11,工资明细202401_Sheet1!$B:$BC,41,FALSE),0) -> -144.25 | H11: =IFERROR(VLOOKUP(B11,工资明细202401_Sheet1!$B:$BC,42,FALSE),0) -> 0 | I11: =IFERROR(VLOOKUP(B11,工资明细202401_Sheet1!$B:$BC,43,FALSE),0) -> -30 | J11: =IFERROR(VLOOKUP(B11,工资明细202401_Sheet1!$B:$BC,44,FALSE),0) -> 0 | K11: =IFERROR(VLOOKUP(B11,工资明细202401_Sheet1!$B:$BC,45,FALSE),0) -> -1123.68 | L11: =IFERROR(VLOOKUP(B11,工资明细202401_Sheet1!$B:$BC,46,FALSE),0) -> -280.92 | M11: =IFERROR(VLOOKUP(B11,工资明细202401_Sheet1!$B:$BC,47,FALSE),0) -> -70.23 | N11: =IFERROR(VLOOKUP(B11,工资明细202401_Sheet1!$B:$BC,48,FALSE),0) -> -5 | O11: =IFERROR(VLOOKUP(B11,工资明细202401_Sheet1!$B:$BC,49,FALSE),0) -> -303.2 | P11: =IFERROR(VLOOKUP(B11,工资明细202401_Sheet1!$B:$BC,50,FALSE),0) -> 0 | Q11: =IFERROR(VLOOKUP(B11,工资明细202401_Sheet1!$B:$BC,51,FALSE),0) -> -18.95 | R11: =IFERROR(VLOOKUP(B11,工资明细202401_Sheet1!$B:$BC,52,FALSE),0) -> 0 | S11: =IFERROR(VLOOKUP(B11,工资明细202401_Sheet1!$B:$BC,53,FALSE),0) -> -1026 | T11: =IFERROR(VLOOKUP(B11,工资明细202401_Sheet1!$B:$BC,54,FALSE),0) -> 9633.91
A12: 11 | B12: A1308001 | C12: =IFERROR(VLOOKUP(B12,工资明细202401_Sheet1!$B:$BC,37,FALSE),0) -> 16238.67 | D12: =IFERROR(VLOOKUP(B12,工资明细202401_Sheet1!$B:$BC,38,FALSE),0) -> 0 | E12: =IFERROR(VLOOKUP(B12,工资明细202401_Sheet1!$B:$BC,39,FALSE),0) -> 0 | F12: =IFERROR(VLOOKUP(B12,工资明细202401_Sheet1!$B:$BC,40,FALSE),0) -> 0 | G12: =IFERROR(VLOOKUP(B12,工资明细202401_Sheet1!$B:$BC,41,FALSE),0) -> -22.98 | H12: =IFERROR(VLOOKUP(B12,工资明细202401_Sheet1!$B:$BC,42,FALSE),0) -> 0 | I12: =IFERROR(VLOOKUP(B12,工资明细202401_Sheet1!$B:$BC,43,FALSE),0) -> -30 | J12: =IFERROR(VLOOKUP(B12,工资明细202401_Sheet1!$B:$BC,44,FALSE),0) -> 0 | K12: =IFERROR(VLOOKUP(B12,工资明细202401_Sheet1!$B:$BC,45,FALSE),0) -> -1535.2 | L12: =IFERROR(VLOOKUP(B12,工资明细202401_Sheet1!$B:$BC,46,FALSE),0) -> -383.8 | M12: =IFERROR(VLOOKUP(B12,工资明细202401_Sheet1!$B:$BC,47,FALSE),0) -> -95.95 | N12: =IFERROR(VLOOKUP(B12,工资明细202401_Sheet1!$B:$BC,48,FALSE),0) -> -5 | O12: =IFERROR(VLOOKUP(B12,工资明细202401_Sheet1!$B:$BC,49,FALSE),0) -> -356.56 | P12: =IFERROR(VLOOKUP(B12,工资明细202401_Sheet1!$B:$BC,50,FALSE),0) -> 0 | Q12: =IFERROR(VLOOKUP(B12,工资明细202401_Sheet1!$B:$BC,51,FALSE),0) -> -22.28 | R12: =IFERROR(VLOOKUP(B12,工资明细202401_Sheet1!$B:$BC,52,FALSE),0) -> 0 | S12: =IFERROR(VLOOKUP(B12,工资明细202401_Sheet1!$B:$BC,53,FALSE),0) -> -1474 | T12: =IFERROR(VLOOKUP(B12,工资明细202401_Sheet1!$B:$BC,54,FALSE),0) -> 12312.9
A13: 12 | B13: A1308002 | C13: =IFERROR(VLOOKUP(B13,工资明细202401_Sheet1!$B:$BC,37,FALSE),0) -> 16288.63 | D13: =IFERROR(VLOOKUP(B13,工资明细202401_Sheet1!$B:$BC,38,FALSE),0) -> 0 | E13: =IFERROR(VLOOKUP(B13,工资明细202401_Sheet1!$B:$BC,39,FALSE),0) -> 0 | F13: =IFERROR(VLOOKUP(B13,工资明细202401_Sheet1!$B:$BC,40,FALSE),0) -> 0 | G13: =IFERROR(VLOOKUP(B13,工资明细202401_Sheet1!$B:$BC,41,FALSE),0) -> -197.2 | H13: =IFERROR(VLOOKUP(B13,工资明细202401_Sheet1!$B:$BC,42,FALSE),0) -> 0 | I13: =IFERROR(VLOOKUP(B13,工资明细202401_Sheet1!$B:$BC,43,FALSE),0) -> -30 | J13: =IFERROR(VLOOKUP(B13,工资明细202401_Sheet1!$B:$BC,44,FALSE),0) -> -1000 | K13: =IFERROR(VLOOKUP(B13,工资明细202401_Sheet1!$B:$BC,45,FALSE),0) -> -1469.52 | L13: =IFERROR(VLOOKUP(B13,工资明细202401_Sheet1!$B:$BC,46,FALSE),0) -> -367.38 | M13: =IFERROR(VLOOKUP(B13,工资明细202401_Sheet1!$B:$BC,47,FALSE),0) -> -91.85 | N13: =IFERROR(VLOOKUP(B13,工资明细202401_Sheet1!$B:$BC,48,FALSE),0) -> -5 | O13: =IFERROR(VLOOKUP(B13,工资明细202401_Sheet1!$B:$BC,49,FALSE),0) -> -300.56 | P13: =IFERROR(VLOOKUP(B13,工资明细202401_Sheet1!$B:$BC,50,FALSE),0) -> 0 | Q13: =IFERROR(VLOOKUP(B13,工资明细202401_Sheet1!$B:$BC,51,FALSE),0) -> -18.79 | R13: =IFERROR(VLOOKUP(B13,工资明细202401_Sheet1!$B:$BC,52,FALSE),0) -> 0 | S13: =IFERROR(VLOOKUP(B13,工资明细202401_Sheet1!$B:$BC,53,FALSE),0) -> -1462 | T13: =IFERROR(VLOOKUP(B13,工资明细202401_Sheet1!$B:$BC,54,FALSE),0) -> 11346.33
... A125: 124 | B125: A1107046 | C125: =IFERROR(VLOOKUP(B125,工资明细202401_Sheet1!$B:$BC,37,FALSE),0) -> 56136.36 | D125: =IFERROR(VLOOKUP(B125,工资明细202401_Sheet1!$B:$BC,38,FALSE),0) -> 0 | E125: =IFERROR(VLOOKUP(B125,工资明细202401_Sheet1!$B:$BC,39,FALSE),0) -> 0 | F125: =IFERROR(VLOOKUP(B125,工资明细202401_Sheet1!$B:$BC,40,FALSE),0) -> 0 | G125: =IFERROR(VLOOKUP(B125,工资明细202401_Sheet1!$B:$BC,41,FALSE),0) -> -5113.64 | H125: =IFERROR(VLOOKUP(B125,工资明细202401_Sheet1!$B:$BC,42,FALSE),0) -> 0 | I125: =IFERROR(VLOOKUP(B125,工资明细202401_Sheet1!$B:$BC,43,FALSE),0) -> -30 | J125: =IFERROR(VLOOKUP(B125,工资明细202401_Sheet1!$B:$BC,44,FALSE),0) -> 0 | K125: =IFERROR(VLOOKUP(B125,工资明细202401_Sheet1!$B:$BC,45,FALSE),0) -> 0 | L125: =IFERROR(VLOOKUP(B125,工资明细202401_Sheet1!$B:$BC,46,FALSE),0) -> 0 | M125: =IFERROR(VLOOKUP(B125,工资明细202401_Sheet1!$B:$BC,47,FALSE),0) -> 0 | N125: =IFERROR(VLOOKUP(B125,工资明细202401_Sheet1!$B:$BC,48,FALSE),0) -> 0 | O125: =IFERROR(VLOOKUP(B125,工资明细202401_Sheet1!$B:$BC,49,FALSE),0) -> 0 | P125: =IFERROR(VLOOKUP(B125,工资明细202401_Sheet1!$B:$BC,50,FALSE),0) -> 0 | Q125: =IFERROR(VLOOKUP(B125,工资明细202401_Sheet1!$B:$BC,51,FALSE),0) -> 0 | R125: =IFERROR(VLOOKUP(B125,工资明细202401_Sheet1!$B:$BC,52,FALSE),0) -> 0 | S125: =IFERROR(VLOOKUP(B125,工资明细202401_Sheet1!$B:$BC,53,FALSE),0) -> 0 | T125: =IFERROR(VLOOKUP(B125,工资明细202401_Sheet1!$B:$BC,54,FALSE),0) -> 50992.72

Sheet 员工信息(202401)_202401
A1: 员工编号 | B1: 用工类别 | C1: 入职日期 | D1: 在职员工 | E1: 在职员工_E | F1: 在职员工_F | G1: 离职员工 | H1: 离职员工_H | I1: Column_I
D2: 劳动合同起始日 | E2: 用工起始日 | F2: 参保起始月 | G2: 离职/退工日期 | H2: 参保终止月
A3: A1107001 | B3: 直接雇用 | C3: 2011-07-01 | D3: 2017-07-01 | E3: 2011-07-01 | F3: 2011年7月 | G3: / | H3: / | I3: 在职
A4: A1107011 | B4: 直接雇用 | C4: 2011-07-01 | D4: 2017-07-01 | E4: 2011-07-01 | F4: 2011年7月 | G4: / | H4: / | I4: 在职
A5: A1107012 | B5: 直接雇用 | C5: 2011-07-01 | D5: 2017-07-01 | E5: 2011-07-01 | F5: 2011年7月 | G5: / | H5: / | I5: 在职
A6: A1107015 | B6: 直接雇用 | C6: 2011-07-01 | D6: 2017-07-01 | E6: 2011-07-01 | F6: 2011年7月 | G6: / | H6: / | I6: 在职
A7: A1107017 | B7: 直接雇用 | C7: 2011-07-01 | D7: 2017-07-01 | E7: 2011-07-01 | F7: 2011年7月 | G7: / | H7: / | I7: 在职
A8: A1107018 | B8: 直接雇用 | C8: 2011-07-01 | D8: 2017-07-01 | E8: 2011-07-01 | F8: 2011年7月 | G8: / | H8: / | I8: 在职
A9: A1107021 | B9: 直接雇用 | C9: 2011-07-01 | D9: 2017-07-01 | E9: 2011-07-01 | F9: 2011年7月 | G9: / | H9: / | I9: 在职
A10: A1107022 | B10: 直接雇用 | C10: 2011-07-01 | D10: 2017-07-01 | E10: 2011-07-01 | F10: 2011年7月 | G10: / | H10: / | I10: 在职
A11: A1107027 | B11: 直接雇用 | C11: 2011-07-01 | D11: 2017-07-01 | E11: 2011-07-01 | F11: 2011年7月 | G11: / | H11: / | I11: 在职
A12: A1107029 | B12: 直接雇用 | C12: 2011-07-01 | D12: 2017-07-01 | E12: 2011-07-01 | F12: 2011年7月 | G12: / | H12: / | I12: 在职
A13: A1107031 | B13: 直接雇用 | C13: 2011-07-01 | D13: 2017-07-01 | E13: 2011-07-01 | F13: 2011年7月 | G13: / | H13: / | I13: 在职
A14: A1107035 | B14: 直接雇用 | C14: 2011-07-01 | D14: 2017-07-01 | E14: 2011-07-01 | F14: 2011年7月 | G14: / | H14: / | I14: 在职
... A128: A1107046 | B128: 直接雇用 | C128: 2011-07-01 | D128: 2021-01-26 | E128: 2011-07-01 | F128: 2011年7月 | G128: 2024-01-25 | H128: 2024年1月 | I128: 已离职

Sheet 工资明细202401_Sheet1
A1: 顺序 | B1: 工号 | C1: 入职日 | D1: 工数 | E1: 月度固定扣除 | F1: 病假 （H） | G1: 事假 （H) | H1: 早班 次数 | I1: 中班 次数 | J1: 夜班 次数 | K1: 平日加班 | L1: 休日加班 | M1: 国假加班 | N1: 时给 | O1: 基本给 | P1: 職能給 | Q1: 調整給 | R1: 职务津贴 | S1: 期待給 | T1: 成果給 | U1: 伙食津贴 | V1: 住房津贴 | W1: 交通津贴 | X1: 非整月调整 | Y1: 休假扣薪 | Z1: 月度奖金 | AA1: 改善提案+未然防止+小集团 | AB1: 轮班津贴1 | AC1: 轮班津贴2 | AD1: 加班费 | AE1: 日語津贴 | AF1: 其他补发 | AG1: 其他扣除 | AH1: 年终奖 | AI1: 高温津贴 | AJ1: 节日礼金 | AK1: 年度工时调整 | AL1: 应发工资 | AM1: 医疗保险 报销 | AN1: 其他补发 （非课税） | AO1: 其他代扣 (非课税) | AP1: 个人所得税 | AQ1: 年终奖金 个人所得税 | AR1: 工会费 | AS1: 存款制 度代扣 | AT1: 养老保险 | AU1: 医疗保险 | AV1: 失业保险 | AW1: 大病基金 | AX1: 养老保险 补缴 | AY1: 医疗保险 补缴 | AZ1: 失业保险 补缴 | BA1: 大病基金 补缴 | BB1: 住房公积金 | BC1: 实发工资
A2: 1 | B2: A1107001 | C2: 2011-07-01 | D2: 165 | E2: -4.2 | H2: 7 | I2: 6 | J2: 7 | K2: 36 | L2: 6.5 | M2: 7.5 | N2: 45.13 | O2: 7852 | R2: 1000 | U2: 150 | V2: 350 | W2: 250 | Y2: 0 | Z2: 488 | AB2: 530 | AC2: 1427.49 | AD2: 4039.14 | AE2: 300 | AF2: 0 | AG2: -189.55 | AJ2: 200 | AL2: 16397.08 | AP2: -174.11 | AQ2: 0 | AR2: -30 | AT2: -1211.92 | AU2: -302.98 | AV2: -75.75 | AW2: -5 | AX2: -94.8 | AZ2: -5.93 | BB2: -1397 | BC2: 13099.59
A3: 2 | B3: A1107022 | C3: 2011-07-01 | D3: 180 | E3: -3.6 | H3: 7.5 | I3: 8.5 | J3: 8 | K3: 44.5 | L3: 4 | M3: 0 | N3: 37.45 | O3: 6517 | R3: 1000 | U3: 150 | V3: 350 | W3: 250 | Y3: 0 | Z3: 560 | AB3: 650 | AC3: 1184.79 | AD3: 2799.39 | AE3: 300 | AF3: 30 | AG3: -134.82 | AJ3: 200 | AL3: 13856.36 | AP3: -81.21 | AQ3: 0 | AR3: -30 | AT3: -1248.72 | AU3: -312.18 | AV3: -78.05 | AW3: -5 | AX3: -299.68 | AZ3: -18.73 | BB3: -1187 | BC3: 10595.79
A4: 3 | B4: A1110002 | C4: 2011-10-24 | D4: 176 | H4: 0 | I4: 0 | J4: 0 | K4: 0 | L4: 8.5 | M4: 0 | N4: 48.99 | O4: 8525 | U4: 150 | V4: 350 | W4: 250 | Y4: 0 | AB4: 0 | AD4: 832.83 | AF4: 0 | AG4: 0 | AJ4: 200 | AL4: 10307.83 | AP4: -9.91 | AQ4: 0 | AR4: -30 | AT4: -971.92 | AU4: -242.98 | AV4: -60.75 | AW4: -5 | AX4: -99.84 | AZ4: -6.24 | BB4: -1091 | BC4: 7790.19
A5: 4 | B5: A1207016 | C5: 2012-07-01 | D5: 165 | E5: -4.2 | H5: 8 | I5: 7 | J5: 6 | K5: 44.5 | L5: 4.5 | M5: 7.5 | N5: 37.44 | O5: 6514 | U5: 150 | V5: 350 | W5: 250 | Y5: 0 | Z5: 760 | AB5: 530 | AC5: 1184.25 | AD5: 3678.48 | AF5: 60 | AG5: -157.25 | AJ5: 200 | AL5: 13519.48 | AP5: -169.88 | AQ5: 0 | AR5: -30 | AT5: -1119.36 | AU5: -279.84 | AV5: -69.96 | AW5: -5 | AX5: -93.6 | AZ5: -5.85 | BB5: -1283 | BC5: 10462.99
A6: 5 | B6: A1207024 | C6: 2012-07-01 | D6: 165 | E6: -4.2 | H6: 10 | I6: 8 | J6: 7.5 | K6: 45.5 | L6: 14 | M6: 7.5 | N6: 45.9 | O6: 7987 | R6: 1500 | U6: 150 | V6: 350 | W6: 250 | Y6: 0 | Z6: 610 | AB6: 640 | AC6: 1452.04 | AD6: 5450.63 | AF6: 60 | AG6: -192.78 | AJ6: 200 | AL6: 18456.89 | AP6: -216.88 | AQ6: 0 | AR6: -30 | AS6: -1000 | AT6: -1461.68 | AU6: -365.42 | AV6: -91.36 | AW6: -5 | AX6: -127.2 | AZ6: -7.95 | BB6: -1669 | BC6: 13482.4
A7: 6 | B7: A1211001 | C7: 2012-11-01 | D7: 180 | E7: -3.6 | H7: 8 | I7: 8 | J7: 7 | K7: 39.5 | L7: 9.5 | M7: 0 | N7: 44.21 | O7: 7692 | R7: 1500 | U7: 150 | V7: 350 | W7: 250 | Y7: 0 | Z7: 610 | AB7: 600 | AC7: 1398.41 | AD7: 3459.43 | AE7: 200 | AF7: 0 | AG7: -159.16 | AJ7: 200 | AL7: 16250.68 | AP7: -87.9 | AQ7: 0 | AR7: -30 | AT7: -1505.52 | AU7: -376.38 | AV7: -94.1 | AW7: -5 | AX7: -229.12 | AZ7: -14.32 | BB7: -1596 | BC7: 12312.34
A8: 7 | B8: A1304009 | C8: 2013-04-10 | D8: 180 | E8: -3.6 | H8: 8 | I8: 8 | J8: 8.5 | K8: 42.5 | L8: 8 | M8: 0 | N8: 37.44 | O8: 6514 | U8: 150 | V8: 350 | W8: 250 | Y8: 0 | Z8: 870 | AB8: 660 | AC8: 1184.25 | AD8: 2985.84 | AF8: 80 | AG8: -134.78 | AJ8: 200 | AL8: 13109.31 | AP8: -81.82 | AQ8: 0 | AR8: -30 | AS8: -1000 | AT8: -1172.56 | AU8: -293.14 | AV8: -73.29 | AW8: -5 | AX8: -151.36 | AZ8: -9.46 | BB8: -1277 | BC8: 9015.68
A9: 8 | B9: A1306003 | C9: 2013-06-17 | D9: 172.5 | E9: -1.7 | H9: 6.5 | I9: 8 | J9: 7 | K9: 39.5 | L9: 5.5 | M9: 0 | N9: 44.18 | O9: 7687 | R9: 1000 | U9: 150 | V9: 350 | W9: 250 | Y9: 0 | Z9: 950 | AB9: 585 | AC9: 1397.5 | AD9: 3103.65 | AF9: 0 | AG9: -75.11 | AJ9: 200 | AL9: 15598.04 | AP9: -58.44 | AQ9: 0 | AR9: -30 | AT9: -1439.04 | AU9: -359.76 | AV9: -89.94 | AW9: -5 | AX9: -228 | AZ9: -14.25 | BB9: -1514 | BC9: 11859.61
A10: 9 | B10: A1307001 | C10: 2013-07-01 | D10: 165 | E10: -4.2 | H10: 5.5 | I10: 8.5 | J10: 9.5 | K10: 44 | L10: 3 | M10: 11 | N10: 38.63 | O10: 6722 | R10: 1000 | U10: 150 | V10: 350 | W10: 250 | Y10: 0 | Z10: 560 | AB10: 690 | AC10: 1222.06 | AD10: 4056.15 | AF10: 60 | AG10: -162.25 | AJ10: 200 | AL10: 15097.96 | AP10: -181 | AQ10: 0 | AR10: -30 | AT10: -1208.24 | AU10: -302.06 | AV10: -75.52 | AW10: -5 | AX10: -198.24 | AZ10: -12.39 | BB10: -1263 | BC10: 11822.51
A11: 10 | B11: A1307003 | C11: 2013-07-01 | D11: 176 | H11: 0 | I11: 0 | J11: 0 | K11: 10.5 | L11: 34 | M11: 0 | N11: 39.13 | O11: 6809 | R11: 1000 | U11: 150 | V11: 350 | W11: 250 | Y11: 0 | Z11: 600 | AB11: 0 | AD11: 3277.14 | AF11: 0 | AG11: 0 | AJ11: 200 | AL11: 12636.14 | AP11: -144.25 | AQ11: 0 | AR11: -30 | AT11: -1123.68 | AU11: -280.92 | AV11: -70.23 | AW11: -5 | AX11: -303.2 | AZ11: -18.95 | BB11: -1026 | BC11: 9633.91
A12: 11 | B12: A1308001 | C12: 2013-08-01 | D12: 172.5 | E12: -1.7 | H12: 8 | I12: 8 | J12: 7 | K12: 39 | L12: 16.5 | M12: 0 | N12: 43.37 | O12: 7547 | R12: 1000 | U12: 150 | V12: 350 | W12: 250 | Y12: 0 | Z12: 845 | AB12: 600 | AC12: 1372.04 | AD12: 3968.36 | AF12: 30 | AG12: -73.73 | AJ12: 200 | AL12: 16238.67 | AP12: -22.98 | AQ12: 0 | AR12: -30 | AT12: -1535.2 | AU12: -383.8 | AV12: -95.95 | AW12: -5 | AX12: -356.56 | AZ12: -22.28 | BB12: -1474 | BC12: 12312.9
A13: 12 | B13: A1308002 | C13: 2013-08-01 | D13: 165 | E13: -4.2 | H13: 8 | I13: 6.5 | J13: 8 | K13: 31 | L13: 14 | M13: 7.5 | N13: 43.29 | O13: 7532 | R13: 1000 | U13: 150 | V13: 350 | W13: 250 | Y13: 0 | Z13: 795 | AB13: 595 | AC13: 1369.32 | AD13: 4199.13 | AF13: 30 | AG13: -181.82 | AJ13: 200 | AL13: 16288.63 | AP13: -197.2 | AQ13: 0 | AR13: -30 | AS13: -1000 | AT13: -1469.52 | AU13: -367.38 | AV13: -91.85 | AW13: -5 | AX13: -300.56 | AZ13: -18.79 | BB13: -1462 | BC13: 11346.33
A14: 13 | B14: A1309001 | C14: 2013-09-01 | D14: 165 | E14: -4.2 | H14: 6.5 | I14: 8 | J14: 7.5 | K14: 35 | L14: 7 | M14: 11 | N14: 38.79 | O14: 6750 | U14: 150 | V14: 350 | W14: 250 | Y14: 0 | Z14: 860 | AB14: 605 | AC14: 1227.15 | AD14: 3859.61 | AF14: 0 | AG14: -162.92 | AJ14: 200 | AL14: 14088.84 | AP14: -4.9 | AQ14: 0 | AR14: -30 | AT14: -1236.48 | AU14: -309.12 | AV14: -77.28 | AW14: -5 | AX14: -157.52 | AZ14: -9.84 | BB14: -1349 | BC14: 10909.7
A15: 14 | B15: A1311003 | C15: 2013-11-01 | D15: 176 | H15: 0 | I15: 0 | J15: 0 | K15: 1 | L15: 8 | M15: 8 | N15: 41.36 | O15: 7196 | U15: 150 | V15: 350 | W15: 250 | Y15: 0 | AB15: 0 | AD15: 1716.44 | AF15: 0 | AG15: 0 | AJ15: 200 | AL15: 9862.44 | AP15: 0 | AQ15: 0 | AR15: -30 | AT15: -865.28 | AU15: -216.32 | AV15: -54.08 | AW15: -5 | AX15: -154.8 | AZ15: -9.67 | BB15: -889 | BC15: 7638.29
A16: 15 | B16: A1311004 | C16: 2013-11-01 | D16: 180 | E16: -3.6 | H16: 9 | I16: 6.5 | J16: 7.5 | K16: 43 | L16: 8 | M16: 0 | N16: 43.75 | O16: 7612 | R16: 1000 | U16: 150 | V16: 350 | W16: 250 | Y16: 0 | Z16: 720 | AB16: 585 | AC16: 1383.86 | AD16: 3521.88 | AF16: 0 | AG16: -157.5 | AJ16: 200 | AL16: 15615.24 | AP16: -40.46 | AQ16: 0 | AR16: -30 | AS16: -1000 | AT16: -1375.36 | AU16: -343.84 | AV16: -85.96 | AW16: -5 | AX16: -173.84 | AZ16: -10.86 | BB16: -1502 | BC16: 11047.92
A17: 16 | B17: A1409003 | C17: 2014-09-10 | D17: 176 | H17: 0 | I17: 0 | J17: 0 | K17: 10.5 | L17: 32 | M17: 9 | N17: 38.92 | O17: 6772 | U17: 150 | V17: 350 | W17: 250 | Y17: 0 | Z17: 800 | AB17: 0 | AD17: 4154.71 | AF17: 30 | AG17: 0 | AJ17: 200 | AL17: 12706.71 | AP17: -27.13 | AQ17: 0 | AR17: -30 | AT17: -997.04 | AU17: -249.26 | AV17: -62.32 | AW17: -5 | AX17: -82.72 | AZ17: -5.17 | BB17: -1143 | BC17: 10105.07
A18: 17 | B18: A1409005 | C18: 2014-09-10 | D18: 172.5 | E18: -1.7 | H18: 8.5 | I18: 7.5 | J18: 6.5 | K18: 40 | L18: 4 | M18: 0 | N18: 31 | O18: 5394 | U18: 150 | V18: 350 | W18: 250 | Y18: 0 | Z18: 1400 | AB18: 570 | AC18: 980.63 | AD18: 2108 | AF18: 0 | AG18: -52.7 | AJ18: 200 | AL18: 11349.93 | AP18: -113.83 | AQ18: 0 | AR18: -30 | AT18: -1001.92 | AU18: -250.48 | AV18: -62.62 | AW18: -5 | AX18: -95.36 | AZ18: -5.96 | BB18: -1134 | BC18: 8650.76
A19: 18 | B19: A1412002 | C19: 2014-12-01 | D19: 176 | H19: 0 | I19: 0 | J19: 0 | K19: 7 | L19: 4 | M19: 0 | N19: 32.77 | O19: 5702 | U19: 150 | V19: 350 | W19: 250 | Y19: 0 | AB19: 0 | AD19: 606.25 | AF19: 0 | AG19: 0 | AJ19: 200 | AL19: 7258.25 | AP19: -8.39 | AQ19: 0 | AR19: -30 | AT19: -630.08 | AU19: -157.52 | AV19: -39.38 | AW19: -5 | AX19: -64.08 | AZ19: -4 | BB19: -708 | BC19: 5611.8
A20: 19 | B20: A1503001 | C20: 2015-03-02 | D20: 176 | H20: 0 | I20: 0 | J20: 0 | K20: 0 | L20: 0 | M20: 0 | N20: 25.66 | O20: 4464 | U20: 150 | V20: 350 | W20: 250 | Y20: 0 | AB20: 0 | AD20: 0 | AF20: 0 | AG20: 0 | AJ20: 200 | AL20: 5414 | AP20: 0 | AQ20: 0 | AR20: -30 | AS20: -1000 | AT20: -492.72 | AU20: -123.18 | AV20: -30.8 | AW20: -5 | AX20: -49.84 | AZ20: -3.12 | BB20: -554 | BC20: 3125.34
A21: 20 | B21: A1603001 | C21: 2016-03-01 | D21: 172.5 | E21: -1.7 | H21: 8.5 | I21: 8 | J21: 7 | K21: 31.5 | L21: 14.5 | M21: 0 | N21: 28.7 | O21: 4994 | U21: 150 | V21: 350 | W21: 250 | Y21: 0 | Z21: 770 | AB21: 605 | AC21: 907.91 | AD21: 2188.38 | AF21: 0 | AG21: -48.79 | AJ21: 200 | AL21: 10366.5 | AP21: 0 | AQ21: 0 | AR21: -30 | AS21: -1000 | AT21: -967.6 | AU21: -241.9 | AV21: -60.48 | AW21: -5 | AX21: -172.4 | AZ21: -10.78 | BB21: -994 | BC21: 6884.34
A22: 21 | B22: A1603003 | C22: 2016-03-01 | D22: 172.5 | E22: -1.7 | H22: 8.5 | I22: 8 | J22: 7 | K22: 37.5 | L22: 5.5 | M22: 0 | N22: 29.03 | O22: 5052 | U22: 150 | V22: 350 | W22: 250 | Y22: 0 | Z22: 1250 | AB22: 605 | AC22: 918.45 | AD22: 1952.27 | AF22: 60 | AG22: -49.35 | AJ22: 200 | AL22: 10738.37 | AP22: -10.98 | AQ22: 0 | AR22: -30 | AT22: -932.88 | AU22: -233.22 | AV22: -58.31 | AW22: -5 | AX22: -128.72 | AZ22: -8.05 | BB22: -1006 | BC22: 8325.21
A23: 22 | B23: A1603004 | C23: 2016-03-09 | D23: 165 | E23: -4.2 | H23: 6.5 | I23: 8 | J23: 8.5 | K23: 37 | L23: 4 | M23: 11 | N23: 27.45 | O23: 4776 | U23: 150 | V23: 350 | W23: 250 | Y23: 0 | Z23: 1010 | AB23: 645 | AC23: 868.28 | AD23: 2648.93 | AF23: 0 | AG23: -115.29 | AJ23: 200 | AL23: 10782.92 | AP23: -75.18 | AQ23: 0 | AR23: -30 | AT23: -852 | AU23: -213 | AV23: -53.25 | AW23: -5 | AX23: -60.08 | AZ23: -3.75 | BB23: -990 | BC23: 8500.66
A24: 23 | B24: A1604001 | C24: 2016-04-01 | D24: 176 | H24: 0 | I24: 0 | J24: 0 | K24: 3 | L24: 24 | M24: 0 | N24: 35.63 | O24: 6200 | U24: 150 | V24: 350 | W24: 250 | Y24: 0 | Z24: 300 | AB24: 0 | AD24: 1870.58 | AF24: 0 | AG24: 0 | AJ24: 200 | AL24: 9320.58 | AP24: 0 | AQ24: 0 | AR24: -30 | AT24: -679.68 | AU24: -169.92 | AV24: -42.48 | AW24: -5 | AX24: -25.12 | AZ24: -1.57 | BB24: -819 | BC24: 7547.81
A25: 24 | B25: A1605002 | C25: 2016-05-24 | D25: 176 | H25: 0 | I25: 0 | J25: 0 | K25: 8 | L25: 13 | M25: 8 | N25: 32.2 | O25: 5602 | U25: 150 | V25: 350 | W25: 250 | Y25: 0 | AB25: 0 | AD25: 1996.4 | AF25: 0 | AG25: 0 | AJ25: 200 | AL25: 8548.4 | AP25: -54.34 | AQ25: 0 | AR25: -30 | AS25: -1000 | AT25: -682.4 | AU25: -170.6 | AV25: -42.65 | AW25: -5 | AX25: -92.56 | AZ25: -5.78 | BB25: -738 | BC25: 5727.07
A26: 25 | B26: A1611001 | C26: 2016-11-08 | D26: 176 | H26: 0 | I26: 0 | J26: 0 | K26: 8.5 | L26: 35.5 | M26: 8.5 | N26: 35.63 | O26: 6200 | U26: 150 | V26: 350 | W26: 250 | Y26: 0 | Z26: 805 | AB26: 0 | AD26: 3892.58 | AF26: 0 | AG26: 0 | AJ26: 200 | AL26: 11847.58 | AP26: 0 | AQ26: 0 | AR26: -30 | AT26: -734.4 | AU26: -183.6 | AV26: -45.9 | AW26: -5 | AX26: -32.48 | AZ26: -2.03 | BB26: -878 | BC26: 9936.17
A27: 26 | B27: A1703004 | C27: 2017-03-20 | D27: 176 | H27: 0 | I27: 0 | J27: 0 | K27: 12.5 | L27: 0 | M27: 8 | N27: 42.73 | O27: 7435 | U27: 150 | V27: 350 | W27: 250 | Y27: 0 | AB27: 0 | AD27: 1826.71 | AF27: 0 | AG27: 0 | AJ27: 200 | AL27: 10211.71 | AP27: 0 | AQ27: 0 | AR27: -30 | AT27: -913.44 | AU27: -228.36 | AV27: -57.09 | AW27: -5 | AX27: -44.48 | AZ27: -2.78 | BB27: -1087 | BC27: 7843.56
A28: 27 | B28: A1703006 | C28: 2017-03-27 | D28: 176 | H28: 0 | I28: 0 | J28: 0 | K28: 8 | L28: 8 | M28: 8.5 | N28: 32.97 | O28: 5737 | U28: 150 | V28: 350 | W28: 250 | Y28: 0 | AB28: 0 | AD28: 1763.9 | AF28: 0 | AG28: 0 | AJ28: 200 | AL28: 8450.9 | AP28: -50.85 | AQ28: 0 | AR28: -30 | AS28: -1000 | AT28: -687.84 | AU28: -171.96 | AV28: -42.99 | AW28: -5 | AX28: -64.96 | AZ28: -4.06 | BB28: -779 | BC28: 5614.24
A29: 28 | B29: A1704002 | C29: 2017-04-13 | D29: 176 | H29: 0 | I29: 0 | J29: 0 | K29: 10 | L29: 0 | M29: 8 | N29: 40.11 | O29: 6980 | U29: 150 | V29: 350 | W29: 250 | Y29: 0 | AB29: 0 | AD29: 1564.29 | AF29: 0 | AG29: 0 | AJ29: 200 | AL29: 9494.29 | AP29: 0 | AQ29: 0 | AR29: -30 | AT29: -768 | AU29: -192 | AV29: -48 | AW29: -5 | AX29: -38.8 | AZ29: -2.42 | BB29: -912 | BC29: 7498.07
A30: 29 | B30: A1707001 | C30: 2017-07-03 | D30: 176 | H30: 0 | I30: 0 | J30: 0 | K30: 13 | L30: 16.5 | M30: 0 | N30: 32.2 | O30: 5602 | U30: 150 | V30: 350 | W30: 250 | Y30: 0 | AB30: 0 | AD30: 1690.5 | AE30: 200 | AF30: 0 | AG30: 0 | AJ30: 200 | AL30: 8442.5 | AP30: -2.48 | AQ30: 0 | AR30: -30 | AT30: -736 | AU30: -184 | AV30: -46 | AW30: -5 | AX30: -26.24 | AZ30: -1.64 | BB30: -888 | BC30: 6523.14
A31: 30 | B31: A1708001 | C31: 2017-08-22 | D31: 172.5 | E31: -1.7 | H31: 8 | I31: 8 | J31: 7.5 | K31: 35 | L31: 4 | M31: 0 | N31: 26.91 | O31: 4683 | U31: 150 | V31: 350 | W31: 250 | Y31: 0 | Z31: 1045 | AB31: 620 | AC31: 851.37 | AD31: 1628.06 | AF31: 0 | AG31: -45.75 | AJ31: 200 | AL31: 9731.68 | AP31: -76.96 | AQ31: 0 | AR31: -30 | AS31: -1000 | AT31: -850.88 | AU31: -212.72 | AV31: -53.18 | AW31: -5 | AX31: -106 | AZ31: -6.62 | BB31: -932 | BC31: 6458.32
A32: 31 | B32: A1803005 | C32: 2018-03-13 | D32: 172.5 | E32: -1.7 | H32: 8 | I32: 9 | J32: 7 | K32: 37 | L32: 4 | M32: 4 | N32: 27.48 | O32: 4782 | U32: 150 | V32: 350 | W32: 250 | Y32: 0 | Z32: 1400 | AB32: 630 | AC32: 869.37 | AD32: 2074.74 | AF32: 60 | AG32: -46.72 | AJ32: 200 | AL32: 10719.39 | AP32: 0 | AQ32: 0 | AR32: -30 | AT32: -883.44 | AU32: -220.86 | AV32: -55.22 | AW32: -5 | AX32: -78.64 | AZ32: -4.92 | BB32: -1006 | BC32: 8435.31
A33: 32 | B33: A1803006 | C33: 2018-03-27 | D33: 172.5 | E33: -1.7 | H33: 8.5 | I33: 7 | J33: 7 | K33: 33.5 | L33: 14 | M33: 0 | N33: 27.41 | O33: 4770 | U33: 150 | V33: 350 | W33: 250 | Y33: 0 | Z33: 1145 | AB33: 575 | AC33: 867.19 | AD33: 2144.83 | AF33: 30 | AG33: -46.6 | AJ33: 200 | AL33: 10435.42 | AP33: -95.05 | AQ33: 0 | AR33: -30 | AT33: -894.32 | AU33: -223.58 | AV33: -55.9 | AW33: -5 | AX33: -158.32 | AZ33: -9.9 | BB33: -920 | BC33: 8043.35
A34: 33 | B34: A1806001 | C34: 2018-06-21 | D34: 180 | E34: -3.6 | H34: 7 | I34: 8 | J34: 8 | K34: 42.5 | L34: 3.5 | M34: 0 | N34: 26.23 | O34: 4564 | U34: 150 | V34: 350 | W34: 250 | Y34: 0 | Z34: 885 | AB34: 630 | AC34: 829.74 | AD34: 1855.77 | AF34: 0 | AG34: -94.43 | AJ34: 200 | AL34: 9620.08 | AP34: -27.93 | AQ34: 0 | AR34: -30 | AT34: -870.08 | AU34: -217.52 | AV34: -54.38 | AW34: -5 | AX34: -243.76 | AZ34: -15.23 | BB34: -783 | BC34: 7373.18
A35: 34 | B35: A1808001 | C35: 2018-08-21 | D35: 176 | H35: 0 | I35: 0 | J35: 0 | K35: 0 | L35: 8.5 | M35: 0 | N35: 43.94 | O35: 7646 | U35: 150 | V35: 350 | W35: 250 | Y35: 0 | AB35: 0 | AD35: 746.98 | AF35: 0 | AG35: 0 | AJ35: 200 | AL35: 9342.98 | AP35: 0 | AQ35: 0 | AR35: -30 | AT35: -818.16 | AU35: -204.54 | AV35: -51.14 | AW35: -5 | AX35: -102.56 | AZ35: -6.41 | BB35: -895 | BC35: 7230.17
A36: 35 | B36: A1808005 | C36: 2018-08-27 | D36: 165 | E36: -4.2 | H36: 7 | I36: 8 | J36: 8 | K36: 41.5 | L36: 5.5 | M36: 11 | N36: 35.63 | O36: 6200 | R36: 1000 | U36: 150 | V36: 350 | W36: 250 | Y36: 0 | Z36: 665 | AB36: 630 | AC36: 1127.16 | AD36: 3785.69 | AF36: 0 | AG36: -149.65 | AJ36: 200 | AL36: 14208.2 | AP36: -206.06 | AQ36: 0 | AR36: -30 | AS36: -1000 | AT36: -921.28 | AU36: -230.32 | AV36: -57.58 | AW36: -5 | AX36: -145.12 | AZ36: -9.07 | BB36: -971 | BC36: 10632.77
A37: 36 | B37: A1903002 | C37: 2019-03-01 | D37: 165 | E37: -4.2 | H37: 7.5 | I37: 7.5 | J37: 8 | K37: 42.5 | L37: 7 | M37: 11 | N37: 27.02 | O37: 4702 | U37: 150 | V37: 350 | W37: 250 | Y37: 0 | Z37: 940 | AB37: 620 | AC37: 854.82 | AD37: 2992.47 | AF37: 0 | AG37: -113.48 | AJ37: 200 | AL37: 10945.81 | AP37: -111.24 | AQ37: 0 | AR37: -30 | AS37: -1000 | AT37: -881.84 | AU37: -220.46 | AV37: -55.12 | AW37: -5 | AX37: -143.6 | AZ37: -8.98 | BB37: -923 | BC37: 7566.57
A38: 37 | B38: A1903003 | C38: 2019-03-01 | D38: 165 | E38: -4.2 | G38: 2 | H38: 8 | I38: 7 | J38: 8.5 | K38: 34.5 | L38: 15 | M38: 7.5 | N38: 26.23 | O38: 4564 | U38: 150 | V38: 350 | W38: 250 | Y38: -52.46 | Z38: 1045 | AB38: 630 | AC38: 819.68 | AD38: 2734.48 | AF38: 0 | AG38: -110.17 | AJ38: 200 | AL38: 10580.53 | AP38: -100.29 | AQ38: 0 | AR38: -30 | AT38: -889.76 | AU38: -222.44 | AV38: -55.61 | AW38: -5 | AX38: -255.76 | AZ38: -15.98 | BB38: -793 | BC38: 8212.69
A39: 38 | B39: A1903004 | C39: 2019-03-01 | D39: 176 | H39: 0 | I39: 0 | J39: 0 | K39: 2 | L39: 6.5 | M39: 0 | N39: 31.51 | O39: 5482 | U39: 150 | V39: 350 | W39: 250 | Y39: 0 | Z39: 300 | AB39: 0 | AD39: 504.16 | AF39: 252.5 | AG39: 0 | AJ39: 200 | AL39: 7488.66 | AP39: -19.18 | AQ39: 0 | AR39: -30 | AT39: -726 | AU39: -181.5 | AV39: -45.38 | AW39: -5 | AX39: -87.92 | AZ39: -5.5 | BB39: -798 | BC39: 5590.18
A40: 39 | B40: A1903005 | C40: 2019-03-05 | D40: 176 | H40: 0 | I40: 0 | J40: 0 | K40: 11.5 | L40: 9 | M40: 0 | N40: 31.59 | O40: 5497 | U40: 150 | V40: 350 | W40: 250 | Y40: 0 | AB40: 0 | AD40: 1113.55 | AF40: 32.5 | AG40: 0 | AJ40: 200 | AL40: 7593.05 | AP40: 0 | AQ40: 0 | AR40: -30 | AT40: -690.96 | AU40: -172.74 | AV40: -43.19 | AW40: -5 | AX40: -94.88 | AZ40: -5.93 | BB40: -746 | BC40: 5804.35
A41: 40 | B41: A1904003 | C41: 2019-04-08 | D41: 180 | E41: -3.6 | H41: 8 | I41: 8 | J41: 8 | K41: 40 | L41: 3 | M41: 0 | N41: 24.71 | O41: 4300 | U41: 150 | V41: 350 | W41: 250 | Y41: 0 | Z41: 720 | AB41: 640 | AC41: 781.74 | AD41: 1630.86 | AF41: 0 | AG41: -88.96 | AJ41: 200 | AL41: 8933.64 | AP41: -63.57 | AQ41: 0 | AR41: -30 | AT41: -710.48 | AU41: -177.62 | AV41: -44.41 | AW41: -5 | AX41: -62.24 | AZ41: -3.89 | BB41: -811 | BC41: 7025.43
A42: 41 | B42: A1905005 | C42: 2019-05-21 | D42: 180 | E42: -3.6 | H42: 8 | I42: 8 | J42: 7.5 | K42: 42 | L42: 3 | M42: 0 | N42: 27.31 | O42: 4752 | U42: 150 | V42: 350 | W42: 250 | Y42: 0 | Z42: 426 | AB42: 620 | AC42: 863.91 | AD42: 1884.39 | AF42: 0 | AG42: -98.32 | AJ42: 200 | AL42: 9397.98 | AP42: 0 | AQ42: 0 | AR42: -30 | AT42: -868.4 | AU42: -217.1 | AV42: -54.28 | AW42: -5 | AX42: -95.44 | AZ42: -5.97 | BB42: -967 | BC42: 7154.79
A43: 42 | B43: A1908002 | C43: 2019-08-26 | D43: 165 | E43: -4.2 | H43: 7 | I43: 8.5 | J43: 8.5 | K43: 36 | L43: 10 | M43: 12 | N43: 26.23 | O43: 4564 | U43: 150 | V43: 350 | W43: 250 | Y43: 0 | Z43: 640 | AB43: 665 | AC43: 829.74 | AD43: 2885.3 | AF43: 50 | AG43: -110.17 | AJ43: 200 | AL43: 10473.87 | AP43: 0 | AQ43: 0 | AR43: -30 | AT43: -891.52 | AU43: -222.88 | AV43: -55.72 | AW43: -5 | AX43: -286.88 | AZ43: -17.93 | BB43: -756 | BC43: 8207.94
A44: 43 | B44: A1910002 | C44: 2019-10-21 | D44: 165 | E44: -4.2 | H44: 7 | I44: 6 | J44: 7.5 | K44: 26.5 | L44: 12.5 | M44: 0 | N44: 26.23 | O44: 4564 | U44: 150 | V44: 350 | W44: 250 | Y44: 0 | Z44: 620 | AB44: 550 | AC44: 829.74 | AD44: 1698.39 | AF44: 0 | AG44: -110.17 | AJ44: 200 | AL44: 9101.96 | AP44: 0 | AQ44: 0 | AR44: -30 | AT44: -866.08 | AU44: -216.52 | AV44: -54.13 | AW44: -5 | AX44: -248.96 | AZ44: -15.56 | BB44: -772 | BC44: 6893.71
A45: 44 | B45: A2003001 | C45: 2020-03-24 | D45: 176 | H45: 0 | I45: 0 | J45: 0 | K45: 4.5 | L45: 8 | M45: 0 | N45: 28.35 | O45: 4933 | U45: 150 | V45: 350 | W45: 250 | Y45: 0 | Z45: 530 | AB45: 0 | AD45: 644.96 | AF45: 0 | AG45: 0 | AJ45: 200 | AL45: 7057.96 | AP45: -11.03 | AQ45: 0 | AR45: -30 | AS45: -1000 | AT45: -662.08 | AU45: -165.52 | AV45: -41.38 | AW45: -5 | AX45: -61.52 | AZ45: -3.84 | BB45: -751 | BC45: 4326.59
A46: 45 | B46: A2004002 | C46: 2020-04-08 | D46: 165 | E46: -4.2 | H46: 8 | I46: 7.5 | J46: 8 | K46: 40.5 | L46: 4.5 | M46: 4 | N46: 26.23 | O46: 4564 | U46: 150 | V46: 350 | W46: 250 | Y46: 0 | Z46: 760 | AB46: 625 | AC46: 829.74 | AD46: 2144.3 | AF46: 0 | AG46: -110.17 | AJ46: 200 | AL46: 9762.87 | AP46: -80.99 | AQ46: 0 | AR46: -30 | AT46: -817.84 | AU46: -204.46 | AV46: -51.12 | AW46: -5 | AX46: -203.84 | AZ46: -12.74 | BB46: -768 | BC46: 7588.88
A47: 46 | B47: A2004003 | C47: 2020-04-13 | D47: 176 | H47: 0 | I47: 0 | J47: 0 | K47: 11.5 | L47: 33.5 | M47: 8.5 | N47: 32.67 | O47: 5684 | U47: 150 | V47: 350 | W47: 250 | Y47: 0 | AB47: 0 | AD47: 3585.53 | AF47: 0 | AG47: 0 | AJ47: 200 | AL47: 10219.53 | AP47: -93.01 | AQ47: 0 | AR47: -30 | AT47: -831.04 | AU47: -207.76 | AV47: -51.94 | AW47: -5 | AX47: -80.72 | AZ47: -5.04 | BB47: -938 | BC47: 7977.02
A48: 47 | B48: A2005001 | C48: 2020-05-12 | D48: 176 | H48: 0 | I48: 0 | J48: 0 | K48: 6 | L48: 32 | M48: 8 | N48: 42.11 | O48: 7328 | U48: 150 | V48: 350 | W48: 250 | Y48: 0 | AB48: 0 | AD48: 4084.67 | AF48: 0 | AG48: 0 | AJ48: 200 | AL48: 12362.67 | AP48: -142.05 | AQ48: 0 | AR48: -30 | AT48: -1031.28 | AU48: -257.82 | AV48: -64.46 | AW48: -5 | AX48: -108.32 | AZ48: -6.77 | BB48: -1154 | BC48: 9562.97
A49: 48 | B49: A2006001 | C49: 2020-06-02 | D49: 180 | E49: -3.6 | H49: 8 | I49: 4 | J49: 8 | K49: 36 | L49: 5 | M49: 0 | N49: 26.74 | O49: 4652 | U49: 150 | V49: 350 | W49: 250 | Y49: 0 | Z49: 1020 | AB49: 520 | AC49: 845.73 | AD49: 1711.36 | AF49: 0 | AG49: -96.26 | AJ49: 200 | AL49: 9602.83 | AP49: -74.59 | AQ49: 0 | AR49: -30 | AS49: -1000 | AT49: -839.92 | AU49: -209.98 | AV49: -52.5 | AW49: -5 | AX49: -218.64 | AZ49: -13.67 | BB49: -777 | BC49: 6381.53
A50: 49 | B50: A2006002 | C50: 2020-06-11 | D50: 176 | H50: 0 | I50: 0 | J50: 0 | K50: 0 | L50: 5 | M50: 0 | N50: 42.11 | O50: 7328 | U50: 150 | V50: 350 | W50: 250 | Y50: 0 | AB50: 0 | AD50: 421.1 | AF50: 0 | AG50: 0 | AJ50: 200 | AL50: 8699.1 | AP50: -18.1 | AQ50: 0 | AR50: -30 | AT50: -823.84 | AU50: -205.96 | AV50: -51.49 | AW50: -5 | AX50: -109.76 | AZ50: -6.86 | BB50: -893 | BC50: 6555.09
A51: 50 | B51: A2006003 | C51: 2020-06-16 | D51: 176 | H51: 0 | I51: 0 | J51: 0 | K51: 20.5 | L51: 25 | M51: 0 | N51: 51.6 | O51: 8978 | R51: 1000 | U51: 150 | V51: 350 | W51: 250 | Y51: 0 | Z51: 300 | AB51: 0 | AD51: 4166.7 | AF51: 90 | AG51: 0 | AJ51: 200 | AL51: 15484.7 | AP51: -189.7 | AQ51: 0 | AR51: -30 | AT51: -1242.56 | AU51: -310.64 | AV51: -77.66 | AW51: -5 | AX51: -148.24 | AZ51: -9.26 | BB51: -1368 | BC51: 12103.64
A52: 51 | B52: A2006004 | C52: 2020-06-16 | D52: 176 | H52: 0 | I52: 0 | J52: 0 | K52: 1.5 | L52: 24 | M52: 0 | N52: 49.98 | O52: 8696 | R52: 1000 | U52: 150 | V52: 350 | W52: 250 | Y52: 0 | Z52: 300 | AB52: 0 | AD52: 2511.5 | AF52: 0 | AG52: 0 | AJ52: 200 | AL52: 13457.5 | AP52: -61.4 | AQ52: 0 | AR52: -30 | AS52: -1000 | AT52: -1142.32 | AU52: -285.58 | AV52: -71.4 | AW52: -5 | AX52: -115.52 | AZ52: -7.22 | BB52: -1284 | BC52: 9455.06
A53: 52 | B53: A2007004 | C53: 2020-07-24 | D53: 165 | E53: -4.2 | H53: 7 | I53: 10 | J53: 8 | K53: 38 | L53: 4 | M53: 11 | N53: 26.74 | O53: 4652 | U53: 150 | V53: 350 | W53: 250 | Y53: 0 | Z53: 860 | AB53: 690 | AC53: 845.73 | AD53: 2620.52 | AF53: 90 | AG53: -112.31 | AJ53: 200 | AL53: 10595.94 | AP53: -102.52 | AQ53: 0 | AR53: -30 | AT53: -864.8 | AU53: -216.2 | AV53: -54.05 | AW53: -5 | AX53: -228.16 | AZ53: -14.26 | BB53: -796 | BC53: 8284.95
A54: 53 | B54: A2008001 | C54: 2020-08-17 | D54: 165 | E54: -4.2 | H54: 9.5 | I54: 7 | J54: 7.5 | K54: 28 | L54: 11 | M54: 7.5 | N54: 25.72 | O54: 4476 | U54: 150 | V54: 350 | W54: 250 | Y54: 0 | Z54: 488 | AB54: 605 | AC54: 813.74 | AD54: 2224.78 | AF54: 30 | AG54: -108.02 | AJ54: 200 | AL54: 9479.5 | AP54: -74.74 | AQ54: 0 | AR54: -30 | AT54: -785.28 | AU54: -196.32 | AV54: -49.08 | AW54: -5 | AX54: -156.88 | AZ54: -9.8 | BB54: -786 | BC54: 7386.4
A55: 54 | B55: A2009002 | C55: 2020-09-07 | D55: 176 | H55: 0 | I55: 0 | J55: 0 | K55: 7.5 | L55: 18 | M55: 8.5 | N55: 31.51 | O55: 5482 | U55: 150 | V55: 350 | W55: 250 | Y55: 0 | AB55: 0 | AD55: 2292.35 | AF55: 0 | AG55: 0 | AJ55: 200 | AL55: 8724.35 | AP55: -1.18 | AQ55: 0 | AR55: -30 | AS55: -1000 | AT55: -676.32 | AU55: -169.08 | AV55: -42.27 | AW55: -5 | AX55: -25.2 | AZ55: -1.57 | BB55: -814 | BC55: 5959.73
A56: 55 | B56: A2103001 | C56: 2021-03-05 | D56: 176 | H56: 0 | I56: 0 | J56: 0 | K56: 0 | L56: 8 | M56: 0 | N56: 19.37 | O56: 3370 | U56: 150 | V56: 350 | W56: 250 | Y56: 0 | Z56: 530 | AB56: 0 | AD56: 309.92 | AF56: 0 | AG56: 0 | AJ56: 200 | AL56: 5159.92 | AP56: 0 | AQ56: 0 | AR56: -30 | AT56: -380 | AU56: -95 | AV56: -23.75 | AW56: -5 | AX56: 0 | AZ56: 0 | BB56: -755 | BC56: 3871.17
A57: 56 | B57: A2103002 | C57: 2021-03-05 | D57: 165 | E57: -4.2 | H57: 7.5 | I57: 8 | J57: 8.5 | K57: 31 | L57: 4 | M57: 11 | N57: 24.71 | O57: 4300 | U57: 150 | V57: 350 | W57: 250 | Y57: 0 | Z57: 560 | AB57: 655 | AC57: 781.74 | AD57: 2162.13 | AF57: 0 | AG57: -103.78 | AJ57: 200 | AL57: 9305.09 | AP57: -74.08 | AQ57: 0 | AR57: -30 | AS57: -1000 | AT57: -720.96 | AU57: -180.24 | AV57: -45.06 | AW57: -5 | AX57: -91.92 | AZ57: -5.74 | BB57: -787 | BC57: 6365.09
A58: 57 | B58: A2103006 | C58: 2021-03-23 | D58: 165 | E58: -4.2 | H58: 6.5 | I58: 8 | J58: 8.5 | K58: 31.5 | L58: 4 | M58: 11 | N58: 24.71 | O58: 4300 | U58: 150 | V58: 350 | W58: 250 | Y58: 0 | Z58: 560 | AB58: 645 | AC58: 781.74 | AD58: 2180.66 | AF58: 0 | AG58: -103.78 | AJ58: 200 | AL58: 9313.62 | AP58: 0 | AQ58: 0 | AR58: -30 | AT58: -672.32 | AU58: -168.08 | AV58: -42.02 | AW58: -5 | AX58: -79.84 | AZ58: -4.99 | BB58: -741 | BC58: 7570.37
A59: 58 | B59: A2103007 | C59: 2021-03-23 | D59: 165 | E59: -4.2 | H59: 7 | I59: 9 | J59: 8 | K59: 34 | L59: 4 | M59: 11 | N59: 24.71 | O59: 4300 | U59: 150 | V59: 350 | W59: 250 | Y59: 0 | Z59: 560 | AB59: 660 | AC59: 781.74 | AD59: 2273.32 | AF59: 0 | AG59: -103.78 | AJ59: 200 | AL59: 9421.28 | AP59: 0 | AQ59: 0 | AR59: -30 | AT59: -678.8 | AU59: -169.7 | AV59: -42.43 | AW59: -5 | AX59: -72.48 | AZ59: -4.53 | BB59: -758 | BC59: 7660.34
A60: 59 | B60: A2103008 | C60: 2021-03-23 | D60: 165 | E60: -4.2 | H60: 8 | I60: 7.5 | J60: 8.5 | K60: 38.5 | L60: 6.5 | M60: 7.5 | N60: 29.75 | O60: 5176 | U60: 150 | V60: 350 | W60: 250 | Y60: 0 | Z60: 1120 | AB60: 645 | AC60: 941 | AD60: 2774.19 | AF60: 0 | AG60: -124.95 | AJ60: 200 | AL60: 11481.24 | AP60: 0 | AQ60: 0 | AR60: -30 | AT60: -878.08 | AU60: -219.52 | AV60: -54.88 | AW60: -5 | AX60: -48.8 | AZ60: -3.05 | BB60: -1037 | BC60: 9204.91
A61: 60 | B61: A2103009 | C61: 2021-03-24 | D61: 176 | H61: 0 | I61: 0 | J61: 0 | K61: 0 | L61: 0 | M61: 6 | N61: 31.51 | O61: 5482 | U61: 150 | V61: 350 | W61: 250 | Y61: 0 | AB61: 0 | AD61: 567.18 | AE61: 200 | AF61: 0 | AG61: 0 | AJ61: 200 | AL61: 7199.18 | AP61: 0 | AQ61: 0 | AR61: -30 | AS61: -1000 | AT61: -636.08 | AU61: -159.02 | AV61: -39.76 | AW61: -5 | AX61: -52.48 | AZ61: -3.28 | BB61: -730 | BC61: 4543.56
A62: 61 | B62: A2104002 | C62: 2021-04-01 | D62: 176 | H62: 0 | I62: 0 | J62: 0 | K62: 13 | L62: 10 | M62: 0 | N62: 40.47 | O62: 7042 | U62: 150 | V62: 350 | W62: 250 | Y62: 0 | Z62: 50 | AB62: 0 | AD62: 1598.57 | AF62: 85 | AG62: 0 | AJ62: 200 | AL62: 9725.57 | AP62: -71.78 | AQ62: 0 | AR62: -30 | AT62: -919.04 | AU62: -229.76 | AV62: -57.44 | AW62: -5 | AX62: -146.64 | AZ62: -9.16 | BB62: -966 | BC62: 7290.75
A63: 62 | B63: A2104005 | C63: 2021-04-14 | D63: 176 | H63: 0 | I63: 0 | J63: 0 | K63: 22 | L63: 8 | M63: 0 | N63: 29.97 | O63: 5214 | U63: 150 | V63: 350 | W63: 250 | Y63: 0 | Z63: 50 | AB63: 0 | AD63: 1468.53 | AF63: 0 | AG63: 0 | AJ63: 200 | AL63: 7682.53 | AP63: -26.52 | AQ63: 0 | AR63: -30 | AT63: -701.92 | AU63: -175.48 | AV63: -43.87 | AW63: -5 | AX63: -32.24 | AZ63: -2.01 | BB63: -838 | BC63: 5827.49
A64: 63 | B64: A2104006 | C64: 2021-04-26 | D64: 176 | H64: 0 | I64: 0 | J64: 0 | K64: 4.5 | L64: 0 | M64: 0 | N64: 47.29 | O64: 8228 | U64: 150 | V64: 350 | W64: 250 | Y64: 0 | AB64: 0 | AD64: 319.21 | AE64: 300 | AF64: 0 | AG64: 0 | AJ64: 200 | AL64: 9797.21 | AP64: 0 | AQ64: 0 | AR64: -30 | AS64: -1000 | AT64: -861.68 | AU64: -215.42 | AV64: -53.86 | AW64: -5 | AX64: -84.4 | AZ64: -5.28 | BB64: -972 | BC64: 6569.57
A65: 64 | B65: A2105002 | C65: 2021-05-25 | D65: 180 | E65: -3.6 | H65: 8.5 | I65: 7.5 | J65: 8 | K65: 36 | L65: 4.5 | M65: 0 | N65: 20.18 | O65: 3511 | U65: 150 | V65: 350 | W65: 250 | Y65: 0 | Z65: 720 | AB65: 630 | AC65: 638.3 | AD65: 1271.34 | AF65: 0 | AG65: -72.65 | AJ65: 200 | AL65: 7647.99 | AP65: -25.21 | AQ65: 0 | AR65: -30 | AT65: -658.96 | AU65: -164.74 | AV65: -41.19 | AW65: -5 | AX65: -80.72 | AZ65: -5.05 | BB65: -723 | BC65: 5914.12
A66: 65 | B66: A2106001 | C66: 2021-06-01 | D66: 176 | H66: 0 | I66: 0 | J66: 0 | K66: 10 | L66: 0 | M66: 0 | N66: 27.01 | O66: 4700 | U66: 150 | V66: 350 | W66: 250 | Y66: 0 | Z66: 50 | AB66: 0 | AD66: 405.15 | AF66: 102.5 | AG66: 0 | AJ66: 200 | AL66: 6207.65 | AP66: 0 | AQ66: 0 | AR66: -30 | AT66: -505.76 | AU66: -126.44 | AV66: -31.61 | AW66: -5 | AX66: -56.32 | AZ66: -3.52 | BB66: -562 | BC66: 4887
A67: 66 | B67: A2106002 | C67: 2021-06-01 | D67: 172.5 | E67: -1.7 | H67: 6.5 | I67: 8 | J67: 7.5 | K67: 31 | L67: 8 | M67: 0 | N67: 24.71 | O67: 4300 | U67: 150 | V67: 350 | W67: 250 | Y67: 0 | Z67: 950 | AB67: 605 | AC67: 781.74 | AD67: 1544.38 | AF67: 50 | AG67: -42.01 | AJ67: 200 | AL67: 9139.11 | AP67: -70.38 | AQ67: 0 | AR67: -30 | AT67: -704 | AU67: -176 | AV67: -44 | AW67: -5 | AX67: -85.92 | AZ67: -5.37 | BB67: -773 | BC67: 7245.44
A68: 67 | B68: A2106003 | C68: 2021-06-17 | D68: 176 | H68: 0 | I68: 0 | J68: 0 | K68: 14.5 | L68: 22 | M68: 0 | N68: 39.43 | O68: 6860 | U68: 150 | V68: 350 | W68: 250 | Y68: 0 | AB68: 0 | AD68: 2592.52 | AE68: 200 | AF68: 0 | AG68: 0 | AJ68: 200 | AL68: 10602.52 | AP68: -101.05 | AQ68: 0 | AR68: -30 | AT68: -877.2 | AU68: -219.3 | AV68: -54.83 | AW68: -5 | AX68: -102.4 | AZ68: -6.4 | BB68: -969 | BC68: 8237.34
A69: 68 | B69: A2107001 | C69: 2021-07-01 | D69: 176 | H69: 0 | I69: 0 | J69: 0 | K69: 5 | L69: 19 | M69: 0 | N69: 44.35 | O69: 7717 | U69: 150 | V69: 350 | W69: 250 | Y69: 0 | Z69: 50 | AB69: 0 | AD69: 2017.93 | AF69: 125 | AG69: 0 | AJ69: 200 | AL69: 10859.93 | AP69: -11.51 | AQ69: 0 | AR69: -30 | AT69: -932.96 | AU69: -233.24 | AV69: -58.31 | AW69: -5 | AX69: -103.36 | AZ69: -6.46 | BB69: -1037 | BC69: 8442.09
A70: 69 | B70: A2107002 | C70: 2021-07-01 | D70: 165 | E70: -4.2 | H70: 8 | I70: 7 | J70: 8 | K70: 33.5 | L70: 5.5 | M70: 7.5 | N70: 21.1 | O70: 3671 | U70: 150 | V70: 350 | W70: 250 | Y70: 0 | Z70: 671 | AB70: 610 | AC70: 667.39 | AD70: 1767.13 | AF70: 30 | AG70: -88.62 | AJ70: 200 | AL70: 8277.9 | AP70: -46.48 | AQ70: 0 | AR70: -30 | AT70: -678.4 | AU70: -169.6 | AV70: -42.4 | AW70: -5 | AX70: -78.48 | AZ70: -4.9 | BB70: -750 | BC70: 6472.64
A71: 70 | B71: A2107003 | C71: 2021-07-14 | D71: 176 | H71: 0 | I71: 0 | J71: 0 | K71: 2.5 | L71: 20 | M71: 0 | N71: 27.01 | O71: 4700 | U71: 150 | V71: 350 | W71: 250 | Y71: 0 | AB71: 0 | AD71: 1181.69 | AF71: 0 | AG71: 0 | AJ71: 200 | AL71: 6831.69 | AP71: -3.18 | AQ71: 0 | AR71: -30 | AT71: -512.16 | AU71: -128.04 | AV71: -32.01 | AW71: -5 | AX71: -87.92 | AZ71: -5.49 | BB71: -531 | BC71: 5496.89
A72: 71 | B72: A2108001 | C72: 2021-08-02 | D72: 176 | H72: 0 | I72: 0 | J72: 0 | K72: 3.5 | L72: 24 | M72: 8 | N72: 26.23 | O72: 4564 | U72: 150 | V72: 350 | W72: 250 | Y72: 0 | Z72: 530 | AB72: 0 | AD72: 2026.27 | AF72: 0 | AG72: 0 | AJ72: 200 | AL72: 8070.27 | AP72: -40.62 | AQ72: 0 | AR72: -30 | AT72: -681.2 | AU72: -170.3 | AV72: -42.58 | AW72: -5 | AX72: -184.48 | AZ72: -11.53 | BB72: -621 | BC72: 6283.56
A73: 72 | B73: A2110001 | C73: 2021-10-20 | D73: 176 | H73: 0 | I73: 0 | J73: 0 | K73: 6 | L73: 22 | M73: 8 | N73: 26.74 | O73: 4652 | U73: 150 | V73: 350 | W73: 250 | Y73: 0 | Z73: 900 | AB73: 0 | AD73: 2058.98 | AF73: 0 | AG73: 0 | AJ73: 200 | AL73: 8560.98 | AP73: -52.24 | AQ73: 0 | AR73: -30 | AT73: -713.76 | AU73: -178.44 | AV73: -44.61 | AW73: -5 | AX73: -79.68 | AZ73: -4.98 | BB73: -793 | BC73: 6659.27
A74: 73 | B74: A2110002 | C74: 2021-10-25 | D74: 165 | E74: -4.2 | H74: 8 | I74: 7 | J74: 7 | K74: 32.5 | L74: 5 | M74: 7.5 | N74: 24.71 | O74: 4300 | U74: 150 | V74: 350 | W74: 250 | Y74: 0 | Z74: 610 | AB74: 570 | AC74: 781.74 | AD74: 2007.69 | AF74: 0 | AG74: -103.78 | AJ74: 200 | AL74: 9115.65 | AP74: -73.42 | AQ74: 0 | AR74: -30 | AT74: -653.04 | AU74: -163.26 | AV74: -40.82 | AW74: -5 | AX74: -58.4 | AZ74: -3.65 | BB74: -744 | BC74: 7344.06
A75: 74 | B75: A2201002 | C75: 2022-01-10 | D75: 176 | H75: 0 | I75: 0 | J75: 0 | K75: 7 | L75: 26.5 | M75: 10 | N75: 20.24 | O75: 3522 | U75: 150 | V75: 350 | W75: 250 | Y75: 0 | Z75: 655 | AB75: 0 | AD75: 1892.44 | AF75: 0 | AG75: 0 | AJ75: 200 | AL75: 7019.44 | AP75: -17.77 | AQ75: 0 | AR75: -30 | AT75: -561.2 | AU75: -140.3 | AV75: -35.08 | AW75: -5 | AX75: -89.04 | AZ75: -5.57 | BB75: -591 | BC75: 5544.48
A76: 75 | B76: A2202001 | C76: 2022-02-21 | D76: 180 | E76: -3.6 | H76: 9 | I76: 8 | J76: 7 | K76: 36.5 | L76: 4 | M76: 0 | N76: 19.83 | O76: 3451 | U76: 150 | V76: 350 | W76: 250 | Y76: 0 | Z76: 720 | AB76: 610 | AC76: 627.39 | AD76: 1244.33 | AF76: 0 | AG76: -71.39 | AJ76: 200 | AL76: 7531.33 | AP76: 0 | AQ76: 0 | AR76: -30 | AT76: -657.6 | AU76: -164.4 | AV76: -41.1 | AW76: -5 | AX76: -113.6 | AZ76: -7.1 | BB76: -680 | BC76: 5832.53
A77: 76 | B77: A2206001 | C77: 2022-06-22 | D77: 172.5 | E77: -1.7 | H77: 3.5 | I77: 8 | J77: 7.5 | K77: 34.5 | L77: 4 | M77: 0 | N77: 19.83 | O77: 3451 | U77: 150 | V77: 350 | W77: 250 | Y77: 0 | Z77: 950 | AB77: 575 | AC77: 627.39 | AD77: 1184.84 | AF77: 50 | AG77: -33.71 | AJ77: 200 | AL77: 7754.52 | AP77: -32.39 | AQ77: 0 | AR77: -30 | AT77: -662.4 | AU77: -165.6 | AV77: -41.4 | AW77: -5 | AX77: -147.36 | AZ77: -9.21 | BB77: -644 | BC77: 6017.16
A78: 77 | B78: A2211001 | C78: 2022-11-21 | D78: 180 | E78: -3.6 | H78: 8 | I78: 8 | J78: 8 | K78: 42 | L78: 4 | M78: 0 | N78: 19.78 | O78: 3442 | U78: 150 | V78: 350 | W78: 250 | Y78: 0 | Z78: 660 | AB78: 640 | AC78: 625.76 | AD78: 1404.38 | AF78: 0 | AG78: -71.21 | AJ78: 200 | AL78: 7650.93 | AP78: -29.33 | AQ78: 0 | AR78: -30 | AT78: -673.84 | AU78: -168.46 | AV78: -42.12 | AW78: -5 | AX78: -314.32 | AZ78: -19.65 | BB78: -450 | BC78: 5918.21
A79: 78 | B79: A2212001 | C79: 2022-12-13 | D79: 176 | H79: 0 | I79: 0 | J79: 0 | K79: 7 | L79: 35 | M79: 0 | N79: 19.37 | O79: 3371 | U79: 150 | V79: 350 | W79: 250 | Y79: 0 | Z79: 520 | AB79: 0 | AD79: 1559.29 | AF79: 0 | AG79: 0 | AJ79: 200 | AL79: 6400.29 | AP79: -3.51 | AQ79: 0 | AR79: -30 | AT79: -520.08 | AU79: -130.02 | AV79: -32.51 | AW79: -5 | AX79: -160.56 | AZ79: -10.04 | BB79: -425 | BC79: 5083.57
A80: 79 | B80: A2212002 | C80: 2022-12-13 | D80: 165 | E80: -4.2 | H80: 8 | I80: 8 | J80: 8 | K80: 32 | L80: 4 | M80: 11 | N80: 19.37 | O80: 3371 | U80: 150 | V80: 350 | W80: 250 | Y80: 0 | Z80: 560 | AB80: 640 | AC80: 612.85 | AD80: 1723.93 | AF80: 30 | AG80: -81.35 | AJ80: 200 | AL80: 7806.43 | AP80: -36.68 | AQ80: 0 | AR80: -30 | AT80: -646.56 | AU80: -161.64 | AV80: -40.41 | AW80: -5 | AX80: -287.04 | AZ80: -17.94 | BB80: -425 | BC80: 6156.16
A81: 80 | B81: A2302001 | C81: 2023-02-06 | D81: 176 | H81: 0 | I81: 0 | J81: 0 | K81: 6 | L81: 31 | M81: 8 | N81: 18.45 | O81: 3211 | U81: 150 | V81: 350 | W81: 250 | Y81: 0 | Z81: 575 | AB81: 0 | AD81: 1752.75 | AF81: 0 | AG81: 0 | AJ81: 200 | AL81: 6488.75 | AP81: -1.28 | AQ81: 0 | AR81: -30 | AT81: -480.24 | AU81: -120.06 | AV81: -30.02 | AW81: -5 | AX81: -120.72 | AZ81: -7.55 | BB81: -425 | BC81: 5268.88
A82: 81 | B82: A2302002 | C82: 2023-02-06 | D82: 165 | E82: -4.2 | H82: 8.5 | I82: 7 | J82: 8 | K82: 39 | L82: 7 | M82: 7.5 | N82: 18.86 | O82: 3282 | U82: 150 | V82: 350 | W82: 250 | Y82: 0 | Z82: 670 | AB82: 615 | AC82: 596.67 | AD82: 1791.7 | AF82: 0 | AG82: -79.21 | AJ82: 200 | AL82: 7826.16 | AP82: -41.12 | AQ82: 0 | AR82: -30 | AT82: -592.64 | AU82: -148.16 | AV82: -37.04 | AW82: -5 | AX82: -233.12 | AZ82: -14.57 | BB82: -425 | BC82: 6299.51
A83: 82 | B83: A2302003 | C83: 2023-02-20 | D83: 176 | H83: 0 | I83: 0 | J83: 0 | K83: 1 | L83: 0 | M83: 0 | N83: 30.21 | O83: 5257 | U83: 150 | V83: 350 | W83: 250 | Y83: 0 | AB83: 0 | AD83: 45.32 | AF83: 0 | AG83: 0 | AJ83: 200 | AL83: 6252.32 | AP83: 0 | AQ83: 0 | AR83: -30 | AT83: -536.16 | AU83: -134.04 | AV83: -33.51 | AW83: -5 | AX83: -120.48 | AZ83: -7.53 | BB83: -520 | BC83: 4865.6
A84: 83 | B84: A2302004 | C84: 2023-02-20 | D84: 176 | H84: 0 | I84: 0 | J84: 0 | K84: 10.5 | L84: 8 | M84: 0 | N84: 23.36 | O84: 4064 | U84: 150 | V84: 350 | W84: 250 | Y84: 0 | AB84: 0 | AD84: 741.68 | AF84: 0 | AG84: 0 | AJ84: 200 | AL84: 5755.68 | AP84: 0 | AQ84: 0 | AR84: -30 | AT84: -438.96 | AU84: -109.74 | AV84: -27.44 | AW84: -5 | AX84: -79.44 | AZ84: -4.97 | BB84: -425 | BC84: 4635.13
A85: 84 | B85: A2302006 | C85: 2023-02-20 | D85: 172.5 | E85: -1.7 | H85: 8.5 | I85: 8.5 | J85: 7 | K85: 36.5 | L85: 2.5 | M85: 0 | N85: 18.45 | O85: 3211 | U85: 150 | V85: 350 | W85: 250 | Y85: 0 | Z85: 950 | AB85: 620 | AC85: 583.76 | AD85: 1102.39 | AF85: 30 | AG85: -31.37 | AJ85: 200 | AL85: 7415.78 | AP85: -28.93 | AQ85: 0 | AR85: -30 | AT85: -590.96 | AU85: -147.74 | AV85: -36.94 | AW85: -5 | AX85: -231.44 | AZ85: -14.47 | BB85: -425 | BC85: 5905.3
A86: 85 | B86: A2304001 | C86: 2023-04-03 | D86: 180 | E86: -3.6 | H86: 8 | I86: 6.5 | J86: 8 | K86: 35 | L86: 3 | M86: 0 | N86: 18.45 | O86: 3211 | U86: 150 | V86: 350 | W86: 250 | Y86: 0 | Z86: 720 | AB86: 595 | AC86: 583.76 | AD86: 1079.33 | AF86: 0 | AG86: -66.42 | AJ86: 200 | AL86: 7072.67 | AP86: -17.74 | AQ86: 0 | AR86: -30 | AT86: -603.52 | AU86: -150.88 | AV86: -37.72 | AW86: -5 | AX86: -244 | AZ86: -15.25 | BB86: -425 | BC86: 5543.56
A87: 86 | B87: A2306001 | C87: 2023-06-01 | D87: 176 | H87: 0 | I87: 0 | J87: 0 | K87: 3.5 | L87: 2 | M87: 0 | N87: 31.59 | O87: 5497 | U87: 150 | V87: 350 | W87: 250 | Y87: 0 | AB87: 0 | AD87: 292.21 | AE87: 100 | AF87: 0 | AG87: 0 | AJ87: 200 | AL87: 6839.21 | AP87: -9.28 | AQ87: 0 | AR87: -30 | AT87: -606.88 | AU87: -151.72 | AV87: -37.93 | AW87: -5 | AX87: -165.92 | AZ87: -10.37 | BB87: -552 | BC87: 5270.11
A88: 87 | B88: A2306002 | C88: 2023-06-01 | D88: 165 | E88: -4.2 | H88: 5 | I88: 8 | J88: 8 | K88: 17.5 | L88: 5 | M88: 11 | N88: 18.86 | O88: 3282 | U88: 150 | V88: 350 | W88: 250 | Y88: 0 | Z88: 690 | AB88: 610 | AC88: 596.67 | AD88: 1306.06 | AE88: 300 | AF88: 0 | AG88: -79.21 | AJ88: 200 | AL88: 7655.52 | AP88: -35.35 | AQ88: 0 | AR88: -30 | AT88: -601.68 | AU88: -150.42 | AV88: -37.61 | AW88: -5 | AX88: -242.16 | AZ88: -15.14 | BB88: -425 | BC88: 6113.16
A89: 88 | B89: A2306003 | C89: 2023-06-06 | D89: 172.5 | E89: -1.7 | H89: 8 | I89: 8 | J89: 7 | K89: 42 | L89: 4 | M89: 0 | N89: 18.45 | O89: 3211 | U89: 150 | V89: 350 | W89: 250 | Y89: 0 | Z89: 920 | AB89: 600 | AC89: 583.76 | AD89: 1309.95 | AF89: 0 | AG89: -31.37 | AJ89: 200 | AL89: 7543.34 | AP89: -35.34 | AQ89: 0 | AR89: -30 | AT89: -554.56 | AU89: -138.64 | AV89: -34.66 | AW89: -5 | AX89: -195.04 | AZ89: -12.19 | BB89: -425 | BC89: 6112.91
A90: 89 | B90: A2306004 | C90: 2023-06-12 | D90: 176 | H90: 0 | I90: 0 | J90: 0 | K90: 14.5 | L90: 10 | M90: 0 | N90: 44.8 | O90: 7796 | U90: 150 | V90: 350 | W90: 250 | Y90: 0 | AB90: 0 | AD90: 1870.4 | AE90: 300 | AF90: 0 | AG90: 0 | AJ90: 200 | AL90: 10916.4 | AP90: -114.86 | AQ90: 0 | AR90: -30 | AT90: -828.32 | AU90: -207.08 | AV90: -51.77 | AW90: -5 | AX90: -211.52 | AZ90: -13.22 | BB90: -771 | BC90: 8683.63
A91: 90 | B91: A2306005 | C91: 2023-06-12 | D91: 176 | H91: 0 | I91: 0 | J91: 0 | K91: 11 | L91: 30 | M91: 10 | N91: 18.45 | O91: 3211 | U91: 150 | V91: 350 | W91: 250 | Y91: 0 | Z91: 370 | AB91: 0 | AD91: 1964.93 | AF91: 0 | AG91: 0 | AJ91: 200 | AL91: 6495.93 | AP91: 0 | AQ91: 0 | AR91: -30 | AT91: -418.64 | AU91: -104.66 | AV91: -26.17 | AW91: -5 | AX91: -59.12 | AZ91: -3.7 | BB91: -425 | BC91: 5423.64
A92: 91 | B92: A2306006 | C92: 2023-06-20 | D92: 165 | E92: -4.2 | H92: 8 | I92: 8 | J92: 8 | K92: 33.5 | L92: 5.5 | M92: 7.5 | N92: 18.45 | O92: 3211 | U92: 150 | V92: 350 | W92: 250 | Y92: 0 | Z92: 610 | AB92: 640 | AC92: 583.76 | AD92: 1545.19 | AF92: 0 | AG92: -77.49 | AJ92: 200 | AL92: 7462.46 | AP92: -34.65 | AQ92: 0 | AR92: -30 | AT92: -530.24 | AU92: -132.56 | AV92: -33.14 | AW92: -5 | AX92: -170.72 | AZ92: -10.67 | BB92: -425 | BC92: 6090.48
A93: 92 | B93: A2307001 | C93: 2023-07-03 | D93: 165 | E93: -4.2 | H93: 7 | I93: 8 | J93: 8 | K93: 16.5 | L93: 5 | M93: 11 | N93: 18.45 | O93: 3211 | U93: 150 | V93: 350 | W93: 250 | Y93: 0 | Z93: 640 | AB93: 630 | AC93: 583.76 | AD93: 1249.99 | AF93: 0 | AG93: -77.49 | AJ93: 200 | AL93: 7187.26 | AP93: -24.53 | AQ93: 0 | AR93: -30 | AT93: -545.84 | AU93: -136.46 | AV93: -34.12 | AW93: -5 | AX93: -186.32 | AZ93: -11.65 | BB93: -450 | BC93: 5763.34
A94: 93 | B94: A2307002 | C94: 2023-07-18 | D94: 176 | H94: 0 | I94: 0 | J94: 0 | K94: 9.5 | L94: 18.5 | M94: 8 | N94: 24.51 | O94: 4264 | U94: 150 | V94: 350 | W94: 250 | Y94: 0 | AB94: 0 | AD94: 1844.38 | AF94: 0 | AG94: 0 | AJ94: 200 | AL94: 7058.38 | AP94: -3.2 | AQ94: 0 | AR94: -30 | AT94: -448 | AU94: -112 | AV94: -28 | AW94: -5 | AX94: -88.48 | AZ94: -5.53 | BB94: -450 | BC94: 5888.17
A95: 94 | B95: A2311002 | C95: 2023-11-06 | D95: 165 | E95: -4.2 | H95: 8 | I95: 7 | J95: 8 | K95: 31.5 | L95: 13.5 | M95: 7.5 | N95: 18.05 | O95: 3141 | U95: 150 | V95: 350 | W95: 250 | X95: -57.09 | Y95: 0 | Z95: 745 | AB95: 610 | AC95: 571.03 | AD95: 1746.34 | AF95: 0 | AG95: -75.81 | AJ95: 200 | AL95: 7630.47 | AQ95: 0 | AR95: -30 | AT95: -359.52 | AU95: -89.88 | AV95: -22.47 | AW95: -5 | AX95: 0 | AZ95: 0 | BB95: -450 | BC95: 6673.6
A96: 95 | B96: A1107043 | C96: 2011-07-01 | D96: 176 | K96: 2.5 | M96: 0 | N96: 58.24 | O96: 10134 | R96: 0 | U96: 150 | V96: 350 | W96: 250 | Y96: 0 | Z96: 0 | AB96: 0 | AD96: 218.4 | AF96: 0 | AG96: 0 | AJ96: 200 | AL96: 11302.4 | AP96: 0 | AQ96: 0 | AR96: -30 | AT96: -1163.84 | AU96: -290.96 | AV96: -72.74 | AW96: -5 | AX96: 0 | AZ96: 0 | BB96: -1790 | BC96: 7949.86
A97: 96 | B97: A1306002 | C97: 2013-06-17 | D97: 176 | K97: 20 | M97: 0 | N97: 57.33 | O97: 9975 | R97: 0 | U97: 150 | V97: 350 | W97: 250 | Y97: 0 | AB97: 0 | AD97: 1719.9 | AE97: 200 | AF97: 0 | AG97: 0 | AJ97: 200 | AL97: 12844.9 | AP97: -113.19 | AQ97: 0 | AR97: -30 | AT97: -1214.32 | AU97: -303.58 | AV97: -75.9 | AW97: -5 | AX97: -244.64 | AZ97: -15.29 | BB97: -1213 | BC97: 9629.98
A98: 97 | B98: A1107015 | C98: 2011-07-01 | D98: 176 | K98: 20 | M98: 0 | N98: 53.45 | O98: 9300 | R98: 1000 | U98: 150 | V98: 350 | W98: 250 | Y98: 0 | AB98: 0 | AD98: 1603.5 | AE98: 200 | AF98: 600 | AG98: 0 | AJ98: 200 | AL98: 13653.5 | AP98: 0 | AQ98: 0 | AR98: -30 | AT98: -1188.8 | AU98: -297.2 | AV98: -74.3 | AW98: -5 | AX98: -146.72 | AZ98: -9.17 | BB98: -1303 | BC98: 10599.31
A99: 98 | B99: A1207023 | C99: 2012-07-01 | D99: 176 | K99: 19 | M99: 0 | N99: 53.45 | O99: 9300 | R99: 2000 | U99: 150 | V99: 350 | W99: 250 | Y99: 0 | AB99: 0 | AD99: 1523.33 | AF99: 430 | AG99: 0 | AJ99: 200 | AL99: 14203.33 | AO99: 0 | AP99: 0 | AQ99: 0 | AR99: -30 | AS99: -1000 | AT99: -1402.4 | AU99: -350.6 | AV99: -87.65 | AW99: -5 | AX99: -132.88 | AZ99: -8.3 | BB99: -1587 | BC99: 9599.5
A100: 99 | B100: A2111001 | C100: 2021-11-22 | D100: 176 | K100: 5 | M100: 0 | N100: 54.6 | O100: 9500 | R100: 2000 | U100: 150 | V100: 350 | W100: 250 | Y100: 0 | AB100: 0 | AD100: 409.5 | AE100: 300 | AF100: 0 | AG100: 0 | AJ100: 200 | AL100: 13159.5 | AP100: -56.42 | AQ100: 0 | AR100: -30 | AS100: -1000 | AT100: -922.16 | AU100: -230.54 | AV100: -57.64 | AW100: -5 | AX100: -86.08 | AZ100: -5.38 | BB100: -1046 | BC100: 9720.28
...

Sheet 考勤信息2401_2401
A1: Column_A | B1: 社員番号 | C1: 标准工时 | D1: A | E1: B | F1: C | G1: D | H1: 平日 | I1: 平日补勤 | J1: 平日残業总计(HOUR) | K1: 休日残業(HOUR) | L1: 休日补勤加1 | M1: 休日残業总计(HOUR) | N1: 年度调整时数 | O1: 振替済み | P1: 休日小计(HOUR) | Q1: 法定 | R1: 法补 | S1: 法定残業(HOUR) | T1: 早班(TIME) | U1: 中班(TIME) | V1: 夜班(TIME) | W1: 4级以上人员休日加班津贴 | X1: 4级以上人员休日加班津贴_X | Y1: 呼出津贴 | Z1: 深夜津贴 | AA1: 勤务调整津贴 | AB1: 餐补 | AC1: 4级以上人员 加班调休时数 | AD1: 4级以上人员 加班调休时数_AD | AE1: Column_AE | AF1: Column_AF | AG1: Column_AG | AH1: Column_AH | AI1: Column_AI
D2: 遅刻/早退(TIME) | E2: 其他(DAY) | F2: 病欠(HOUR) | G2: 欠勤(HOUR) | W2: 加班时数 | X2: 津贴 | AC2: 平日时数 | AD2: 休日时数
A3: 1 | B3: A1107001 | C3: 165 | H3: 36 | J3: 36 | K3: 6.5 | M3: 6.5 | N3: -4.2 | P3: 6.5 | Q3: 7.5 | S3: 7.5 | T3: 7 | U3: 6 | V3: 7
A4: 2 | B4: A1107011 | C4: 176 | J4: 0 | M4: 0 | P4: 0 | Q4: 4 | S4: 4 | W4: 5 | X4: 500 | Y4: 30 | AC4: 7.5
A5: 3 | B5: A1107012 | C5: 176 | H5: 18 | J5: 18 | M5: 0 | P5: 0 | Q5: 8 | S5: 8 | W5: 7 | X5: 800 | Y5: 80 | Z5: 15
A6: 4 | B6: A1107015 | C6: 176 | H6: 20 | J6: 20 | M6: 0 | P6: 0 | S6: 0 | W6: 11.5 | X6: 600
A7: 5 | B7: A1107017 | C7: 176 | J7: 0 | M7: 0 | P7: 0 | S7: 0 | AC7: 4.5
A8: 6 | B8: A1107018 | C8: 176 | J8: 0 | M8: 0 | P8: 0 | S8: 0 | X8: 800 | AC8: 1
A9: 7 | B9: A1107021 | C9: 176 | J9: 0 | M9: 0 | P9: 0 | S9: 0 | AC9: 8
A10: 8 | B10: A1107022 | C10: 180 | H10: 36.5 | I10: 8 | J10: 44.5 | K10: 4 | M10: 4 | N10: -3.6 | P10: 4 | S10: 0 | T10: 7.5 | U10: 8.5 | V10: 8 | Y10: 30
A11: 9 | B11: A1107027 | C11: 176 | J11: 0 | M11: 0 | P11: 0 | S11: 0 | W11: 9.5 | X11: 1300 | AC11: 20
A12: 10 | B12: A1107029 | C12: 176 | H12: 13 | J12: 13 | M12: 0 | P12: 0 | S12: 0 | W12: 5.5 | X12: 800 | Y12: 100 | Z12: 40
A13: 11 | B13: A1107031 | C13: 176 | J13: 0 | M13: 0 | P13: 0 | S13: 0 | W13: 10 | X13: 1300 | AC13: 10.5
A14: 12 | B14: A1107035 | C14: 176 | J14: 0 | M14: 0 | P14: 0 | S14: 0 | AC14: 8.5
A15: 13 | B15: A1107037 | C15: 176 | H15: 20 | J15: 20 | M15: 0 | P15: 0 | S15: 0
A16: 14 | B16: A1107038 | C16: 176 | J16: 0 | M16: 0 | P16: 0 | S16: 0 | X16: 800 | AC16: 8
A17: 15 | B17: A1107043 | C17: 176 | H17: 2.5 | J17: 2.5 | M17: 0 | P17: 0 | S17: 0
A18: 16 | B18: A1109001 | C18: 176 | J18: 0 | M18: 0 | P18: 0 | S18: 0 | AC18: 5.5
A19: 17 | B19: A1110002 | C19: 176 | J19: 0 | K19: 8.5 | M19: 8.5 | P19: 8.5 | S19: 0
A20: 18 | B20: A1207016 | C20: 165 | H20: 36.5 | I20: 8 | J20: 44.5 | K20: 4.5 | M20: 4.5 | N20: -4.2 | P20: 4.5 | Q20: 7.5 | S20: 7.5 | T20: 8 | U20: 7 | V20: 6 | Y20: 60
A21: 19 | B21: A1207023 | C21: 176 | H21: 19 | J21: 19 | M21: 0 | P21: 0 | S21: 0 | W21: 4.5 | X21: 300 | Z21: 70 | AA21: 60
A22: 20 | B22: A1207024 | C22: 165 | H22: 28 | I22: 17.5 | J22: 45.5 | K22: 5.5 | L22: 8.5 | M22: 14 | N22: -4.2 | P22: 14 | Q22: 7.5 | S22: 7.5 | T22: 10 | U22: 8 | V22: 7.5 | Y22: 60
A23: 21 | B23: A1208008 | C23: 176 | J23: 0 | M23: 0 | P23: 0 | S23: 0 | AC23: 0.5
A24: 22 | B24: A1210001 | C24: 176 | J24: 0 | M24: 0 | P24: 0 | Q24: 7.5 | S24: 7.5
A25: 23 | B25: A1211001 | C25: 180 | H25: 39.5 | J25: 39.5 | K25: 9.5 | M25: 9.5 | N25: -3.6 | P25: 9.5 | S25: 0 | T25: 8 | U25: 8 | V25: 7
A26: 24 | B26: A1211002 | C26: 176 | H26: 20 | J26: 20 | M26: 0 | P26: 0 | S26: 0
A27: 25 | B27: A1212001 | C27: 176 | J27: 0 | M27: 0 | P27: 0 | S27: 0 | W27: 9 | X27: 1000 | AC27: 1.5
A28: 26 | B28: A1212003 | C28: 176 | H28: 5 | J28: 5 | M28: 0 | P28: 0 | Q28: 9 | S28: 9
A29: 27 | B29: A1304001 | C29: 176 | J29: 0 | M29: 0 | P29: 0 | Q29: 9.5 | S29: 9.5 | AC29: 5
A30: 28 | B30: A1304002 | C30: 176 | J30: 0 | M30: 0 | P30: 0 | S30: 0 | AC30: 3 | AD30: 2
A31: 29 | B31: A1304004 | C31: 176 | J31: 0 | M31: 0 | P31: 0 | S31: 0 | AC31: 3.5
A32: 30 | B32: A1304009 | C32: 180 | H32: 30 | I32: 12.5 | J32: 42.5 | K32: 3.5 | L32: 4.5 | M32: 8 | N32: -3.6 | P32: 8 | S32: 0 | T32: 8 | U32: 8 | V32: 8.5 | Y32: 80
A33: 31 | B33: A1305005 | C33: 176 | J33: 0 | M33: 0 | P33: 0 | S33: 0
A34: 32 | B34: A1306002 | C34: 176 | H34: 20 | J34: 20 | M34: 0 | P34: 0 | S34: 0
A35: 33 | B35: A1306003 | C35: 172.5 | H35: 35 | I35: 4.5 | J35: 39.5 | K35: 5.5 | M35: 5.5 | N35: -1.7 | P35: 5.5 | S35: 0 | T35: 6.5 | U35: 8 | V35: 7
A36: 34 | B36: A1307001 | C36: 165 | H36: 23 | I36: 21 | J36: 44 | K36: 3 | M36: 3 | N36: -4.2 | P36: 3 | Q36: 11 | S36: 11 | T36: 5.5 | U36: 8.5 | V36: 9.5 | Y36: 60
A37: 35 | B37: A1307003 | C37: 176 | H37: 10.5 | J37: 10.5 | K37: 34 | M37: 34 | P37: 34 | S37: 0
A38: 36 | B38: A1308001 | C38: 172.5 | H38: 35 | I38: 4 | J38: 39 | K38: 16.5 | M38: 16.5 | N38: -1.7 | P38: 16.5 | S38: 0 | T38: 8 | U38: 8 | V38: 7 | Y38: 30
A39: 37 | B39: A1308002 | C39: 165 | H39: 27 | I39: 4 | J39: 31 | K39: 14 | M39: 14 | N39: -4.2 | P39: 14 | Q39: 7.5 | S39: 7.5 | T39: 8 | U39: 6.5 | V39: 8 | Y39: 30
A40: 38 | B40: A1309001 | C40: 165 | H40: 30.5 | I40: 4.5 | J40: 35 | K40: 2 | L40: 5 | M40: 7 | N40: -4.2 | P40: 7 | Q40: 11 | S40: 11 | T40: 6.5 | U40: 8 | V40: 7.5
A41: 39 | B41: A1311003 | C41: 176 | H41: 1 | J41: 1 | K41: 8 | M41: 8 | P41: 8 | Q41: 8 | S41: 8
A42: 40 | B42: A1311004 | C42: 180 | H42: 38 | I42: 5 | J42: 43 | K42: 3.5 | L42: 4.5 | M42: 8 | N42: -3.6 | P42: 8 | S42: 0 | T42: 9 | U42: 6.5 | V42: 7.5
A43: 41 | B43: A1408001 | C43: 176 | J43: 0 | M43: 0 | P43: 0 | S43: 0
A44: 42 | B44: A1409003 | C44: 176 | H44: 10.5 | J44: 10.5 | K44: 32 | M44: 32 | P44: 32 | Q44: 9 | S44: 9 | Y44: 30
A45: 43 | B45: A1409005 | C45: 172.5 | H45: 35.5 | I45: 4.5 | J45: 40 | K45: 4 | M45: 4 | N45: -1.7 | P45: 4 | S45: 0 | T45: 8.5 | U45: 7.5 | V45: 6.5
A46: 44 | B46: A1412002 | C46: 176 | H46: 7 | J46: 7 | K46: 4 | M46: 4 | P46: 4 | S46: 0
A47: 45 | B47: A1503001 | C47: 176 | J47: 0 | M47: 0 | P47: 0 | S47: 0
A48: 46 | B48: A1603001 | C48: 172.5 | H48: 31.5 | J48: 31.5 | K48: 10.5 | L48: 4 | M48: 14.5 | N48: -1.7 | P48: 14.5 | S48: 0 | T48: 8.5 | U48: 8 | V48: 7
A49: 47 | B49: A1603003 | C49: 172.5 | H49: 29.5 | I49: 8 | J49: 37.5 | K49: 5.5 | M49: 5.5 | N49: -1.7 | P49: 5.5 | S49: 0 | T49: 8.5 | U49: 8 | V49: 7 | Y49: 60
A50: 48 | B50: A1603004 | C50: 165 | H50: 33 | I50: 4 | J50: 37 | K50: 4 | M50: 4 | N50: -4.2 | P50: 4 | Q50: 11 | S50: 11 | T50: 6.5 | U50: 8 | V50: 8.5
A51: 49 | B51: A1604001 | C51: 176 | H51: 3 | J51: 3 | K51: 24 | M51: 24 | P51: 24 | S51: 0
A52: 50 | B52: A1605002 | C52: 176 | D52: 1 | H52: 8 | J52: 8 | K52: 13 | M52: 13 | P52: 13 | Q52: 8 | S52: 8
A53: 51 | B53: A1611001 | C53: 176 | H53: 8.5 | J53: 8.5 | K53: 35.5 | M53: 35.5 | P53: 35.5 | Q53: 8.5 | S53: 8.5
A54: 52 | B54: A1703004 | C54: 176 | H54: 12.5 | J54: 12.5 | M54: 0 | P54: 0 | Q54: 8 | S54: 8
A55: 53 | B55: A1703006 | C55: 176 | H55: 8 | J55: 8 | K55: 8 | M55: 8 | P55: 8 | Q55: 8.5 | S55: 8.5
A56: 54 | B56: A1704001 | C56: 176 | J56: 0 | M56: 0 | P56: 0 | S56: 0 | AC56: 0.5
A57: 55 | B57: A1704002 | C57: 176 | H57: 10 | J57: 10 | M57: 0 | P57: 0 | Q57: 8 | S57: 8
A58: 56 | B58: A1707001 | C58: 176 | H58: 13 | J58: 13 | K58: 16.5 | M58: 16.5 | P58: 16.5 | S58: 0
A59: 57 | B59: A1708001 | C59: 172.5 | H59: 30.5 | I59: 4.5 | J59: 35 | K59: 4 | M59: 4 | N59: -1.7 | P59: 4 | S59: 0 | T59: 8 | U59: 8 | V59: 7.5
A60: 58 | B60: A1803005 | C60: 172.5 | H60: 33 | I60: 4 | J60: 37 | K60: 4 | M60: 4 | N60: -1.7 | P60: 4 | R60: 4 | S60: 4 | T60: 8 | U60: 9 | V60: 7 | Y60: 60
A61: 59 | B61: A1803006 | C61: 172.5 | H61: 29.5 | I61: 4 | J61: 33.5 | K61: 14 | M61: 14 | N61: -1.7 | P61: 14 | S61: 0 | T61: 8.5 | U61: 7 | V61: 7 | Y61: 30
A62: 60 | B62: A1806001 | C62: 180 | H62: 42.5 | J62: 42.5 | K62: 3.5 | M62: 3.5 | N62: -3.6 | P62: 3.5 | S62: 0 | T62: 7 | U62: 8 | V62: 8
A63: 61 | B63: A1808001 | C63: 176 | J63: 0 | K63: 8.5 | M63: 8.5 | P63: 8.5 | S63: 0
A64: 62 | B64: A1808005 | C64: 165 | H64: 41.5 | J64: 41.5 | K64: 5.5 | M64: 5.5 | N64: -4.2 | P64: 5.5 | Q64: 11 | S64: 11 | T64: 7 | U64: 8 | V64: 8
A65: 63 | B65: A1903002 | C65: 165 | H65: 38.5 | I65: 4 | J65: 42.5 | K65: 3 | L65: 4 | M65: 7 | N65: -4.2 | P65: 7 | Q65: 11 | S65: 11 | T65: 7.5 | U65: 7.5 | V65: 8
A66: 64 | B66: A1903003 | C66: 165 | G66: 2 | H66: 30.5 | I66: 4 | J66: 34.5 | K66: 15 | M66: 15 | N66: -4.2 | P66: 15 | Q66: 7.5 | S66: 7.5 | T66: 8 | U66: 7 | V66: 8.5
A67: 65 | B67: A1903004 | C67: 176 | H67: 2 | J67: 2 | K67: 9 | M67: 9 | O67: -2.5 | P67: 6.5 | S67: 0 | Y67: 150 | Z67: 62.5 | AA67: 40
A68: 66 | B68: A1903005 | C68: 176 | H68: 11.5 | J68: 11.5 | K68: 9 | M68: 9 | P68: 9 | S68: 0 | Y68: 30 | Z68: 2.5
A69: 67 | B69: A1904003 | C69: 180 | D69: 1 | H69: 36 | I69: 4 | J69: 40 | K69: 3 | M69: 3 | N69: -3.6 | P69: 3 | S69: 0 | T69: 8 | U69: 8 | V69: 8
A70: 68 | B70: A1905005 | C70: 180 | H70: 37.5 | I70: 4.5 | J70: 42 | K70: 3 | M70: 3 | N70: -3.6 | P70: 3 | S70: 0 | T70: 8 | U70: 8 | V70: 7.5
A71: 69 | B71: A1908002 | C71: 165 | H71: 36 | J71: 36 | K71: 6 | L71: 4 | M71: 10 | N71: -4.2 | P71: 10 | Q71: 8 | R71: 4 | S71: 12 | T71: 7 | U71: 8.5 | V71: 8.5 | Y71: 50
A72: 70 | B72: A1910002 | C72: 165 | H72: 26.5 | J72: 26.5 | K72: 12.5 | M72: 12.5 | N72: -4.2 | P72: 12.5 | S72: 0 | T72: 7 | U72: 6 | V72: 7.5
A73: 71 | B73: A2003001 | C73: 176 | H73: 4.5 | J73: 4.5 | K73: 8 | M73: 8 | P73: 8 | S73: 0
A74: 72 | B74: A2004002 | C74: 165 | H74: 31.5 | I74: 9 | J74: 40.5 | K74: 4.5 | M74: 4.5 | N74: -4.2 | P74: 4.5 | Q74: 4 | S74: 4 | T74: 8 | U74: 7.5 | V74: 8
A75: 73 | B75: A2004003 | C75: 176 | H75: 11.5 | J75: 11.5 | K75: 33.5 | M75: 33.5 | P75: 33.5 | Q75: 8.5 | S75: 8.5
A76: 74 | B76: A2005001 | C76: 176 | H76: 6 | J76: 6 | K76: 32 | M76: 32 | P76: 32 | Q76: 8 | S76: 8
A77: 75 | B77: A2006001 | C77: 180 | H77: 36 | J77: 36 | K77: 5 | M77: 5 | N77: -3.6 | P77: 5 | S77: 0 | T77: 8 | U77: 4 | V77: 8
A78: 76 | B78: A2006002 | C78: 176 | J78: 0 | K78: 5 | M78: 5 | P78: 5 | S78: 0
A79: 77 | B79: A2006003 | C79: 176 | H79: 20.5 | J79: 20.5 | K79: 25 | M79: 25 | P79: 25 | S79: 0 | Y79: 50 | Z79: 20 | AA79: 20
A80: 78 | B80: A2006004 | C80: 176 | H80: 1.5 | J80: 1.5 | K80: 24 | M80: 24 | P80: 24 | S80: 0
A81: 79 | B81: A2007004 | C81: 165 | H81: 21.5 | I81: 16.5 | J81: 38 | K81: 4 | M81: 4 | N81: -4.2 | P81: 4 | Q81: 11 | S81: 11 | T81: 7 | U81: 10 | V81: 8 | Y81: 90
A82: 80 | B82: A2008001 | C82: 165 | H82: 24 | I82: 4 | J82: 28 | K82: 3 | L82: 8 | M82: 11 | N82: -4.2 | P82: 11 | Q82: 7.5 | S82: 7.5 | T82: 9.5 | U82: 7 | V82: 7.5 | Y82: 30
A83: 81 | B83: A2009002 | C83: 176 | H83: 7.5 | J83: 7.5 | K83: 18 | M83: 18 | P83: 18 | Q83: 8.5 | S83: 8.5
A84: 82 | B84: A2103001 | C84: 176 | J84: 0 | K84: 8 | M84: 8 | P84: 8 | S84: 0
A85: 83 | B85: A2103002 | C85: 165 | H85: 22 | I85: 9 | J85: 31 | K85: 4 | M85: 4 | N85: -4.2 | P85: 4 | Q85: 11 | S85: 11 | T85: 7.5 | U85: 8 | V85: 8.5
A86: 84 | B86: A2103005 | C86: 176 | H86: 3 | J86: 3 | M86: 0 | P86: 0 | Q86: 8 | S86: 8
A87: 85 | B87: A2103006 | C87: 165 | H87: 27 | I87: 4.5 | J87: 31.5 | K87: 4 | M87: 4 | N87: -4.2 | P87: 4 | Q87: 11 | S87: 11 | T87: 6.5 | U87: 8 | V87: 8.5
A88: 86 | B88: A2103007 | C88: 165 | H88: 25 | I88: 9 | J88: 34 | K88: 4 | M88: 4 | N88: -4.2 | P88: 4 | Q88: 11 | S88: 11 | T88: 7 | U88: 9 | V88: 8
A89: 87 | B89: A2103008 | C89: 165 | H89: 34 | I89: 4.5 | J89: 38.5 | K89: 6.5 | M89: 6.5 | N89: -4.2 | P89: 6.5 | Q89: 7.5 | S89: 7.5 | T89: 8 | U89: 7.5 | V89: 8.5
A90: 88 | B90: A2103009 | C90: 176 | J90: 0 | M90: 0 | P90: 0 | Q90: 6 | S90: 6
A91: 89 | B91: A2104002 | C91: 176 | H91: 13 | J91: 13 | K91: 10 | M91: 10 | P91: 10 | S91: 0 | Y91: 80 | Z91: 5
A92: 90 | B92: A2104005 | C92: 176 | H92: 22 | J92: 22 | K92: 8 | M92: 8 | P92: 8 | S92: 0
A93: 91 | B93: A2104006 | C93: 176 | H93: 4.5 | J93: 4.5 | M93: 0 | P93: 0 | S93: 0
A94: 92 | B94: A2105002 | C94: 180 | H94: 32 | I94: 4 | J94: 36 | K94: 4.5 | M94: 4.5 | N94: -3.6 | P94: 4.5 | S94: 0 | T94: 8.5 | U94: 7.5 | V94: 8
A95: 93 | B95: A2106001 | C95: 176 | H95: 10 | J95: 10 | M95: 0 | P95: 0 | S95: 0 | Y95: 50 | Z95: 32.5 | AA95: 20
A96: 94 | B96: A2106002 | C96: 172.5 | H96: 31 | J96: 31 | K96: 4 | L96: 4 | M96: 8 | N96: -1.7 | P96: 8 | S96: 0 | T96: 6.5 | U96: 8 | V96: 7.5 | Y96: 50
A97: 95 | B97: A2106003 | C97: 176 | D97: 1 | H97: 14.5 | J97: 14.5 | K97: 22 | M97: 22 | P97: 22 | S97: 0
A98: 96 | B98: A2107001 | C98: 176 | H98: 5 | J98: 5 | K98: 19 | M98: 19 | P98: 19 | S98: 0 | Y98: 100 | Z98: 25
A99: 97 | B99: A2107002 | C99: 165 | H99: 29.5 | I99: 4 | J99: 33.5 | K99: 5.5 | M99: 5.5 | N99: -4.2 | P99: 5.5 | Q99: 7.5 | S99: 7.5 | T99: 8 | U99: 7 | V99: 8 | Y99: 30
A100: 98 | B100: A2107003 | C100: 176 | H100: 2.5 | J100: 2.5 | K100: 20 | M100: 20 | P100: 20 | S100: 0
...

Sheet 参数
A1: 参数名 | B1: 参数值
A2: 薪资年份
A3: 薪资月份
A4: 月标准工时 | B4: 174
